<?xml version="1.0" encoding="UTF-8"?>
<Devices_Index_File>
  <!-- Attributes 'version' and 'revision' are the version and revision of the ICD library -->
  <!-- Attribute 'date' is the date (yyyy-mm-dd) when the ICD library is changed -->
  <Header id="ICD library" iec61850Edition="2" company="Schneider Electric" productRange="IEC61850" productName="CET850" version="2" revision="3" date="2014-02-26"/>
  <!-- The three nodes of this section specify when was the structure (not content) of this index file changed (ModelDate: yyyy-mm-dd)
        and what is its current version (ModelVersion) and revision (ModelRevision) -->
  <ModelIdentification>
    <ModelVersion>1</ModelVersion>
    <ModelRevision>0</ModelRevision>
    <ModelDate>2011-09-30</ModelDate>
  </ModelIdentification>
  <Root_Index_File device_Type="IEC61850">
    <Device_Family type="Sepam" name="series 80">
      <Device_Model name="Z83C">
        <Device_Version name="From 8.0 included, ACE850 From 2.0, ECI850 From 2.0" configVersion="7.0" minVer="800" icd_File="s80/SE_Sepam_Z83C-F07_E2V04.icd"/>
      </Device_Model>
      <Device_Model name="Z83B">
        <Device_Version name="From 8.0 included, ACE850 From 2.0, ECI850 From 2.0" configVersion="7.0" minVer="800" icd_File="s80/SE_Sepam_Z83B-F07_E2V04.icd"/>
      </Device_Model>
      <Device_Model name="Z83G">
        <Device_Version name="From 8.0 included, ACE850 From 2.0, ECI850 From 2.0" configVersion="7.0" minVer="800" icd_File="s80/SE_Sepam_Z83G-F07_E2V04.icd"/>
      </Device_Model>
      <Device_Model name="Z83M">
        <Device_Version name="From 8.0 included, ACE850 From 2.0, ECI850 From 2.0" configVersion="7.0" minVer="800" icd_File="s80/SE_Sepam_Z83M-F07_E2V04.icd"/>
      </Device_Model>
      <Device_Model name="Z83T">
        <Device_Version name="From 8.0 included, ACE850 From 2.0, ECI850 From 2.0" configVersion="7.0" minVer="800" icd_File="s80/SE_Sepam_Z83T-F07_E2V04.icd"/>
      </Device_Model>
      <Device_Model name="Z83S">
        <Device_Version name="From 8.0 included, ACE850 From 2.0, ECI850 From 2.0" configVersion="7.0" minVer="800" icd_File="s80/SE_Sepam_Z83S-F07_E2V04.icd"/>
      </Device_Model>
      <Device_Model name="Z83U">
        <Device_Version name="From 8.0 included, ACE850 From 2.0, ECI850 From 2.0" configVersion="7.0" minVer="800" icd_File="s80/SE_Sepam_Z83U-F07_E2V04.icd"/>
      </Device_Model>
      <Device_Model name="Z82C">
        <Device_Version name="From 8.0 included, ACE850 From 2.0, ECI850 From 2.0" configVersion="7.0" minVer="800" icd_File="s80/SE_Sepam_Z82C-F07_E2V04.icd"/>
      </Device_Model>
      <Device_Model name="Z82B">
        <Device_Version name="From 8.0 included, ACE850 From 2.0, ECI850 From 2.0" configVersion="7.0" minVer="800" icd_File="s80/SE_Sepam_Z82B-F07_E2V04.icd"/>
      </Device_Model>
      <Device_Model name="Z82G">
        <Device_Version name="From 8.0 included, ACE850 From 2.0, ECI850 From 2.0" configVersion="7.0" minVer="800" icd_File="s80/SE_Sepam_Z82G-F07_E2V04.icd"/>
      </Device_Model>
      <Device_Model name="Z82M">
        <Device_Version name="From 8.0 included, ACE850 From 2.0, ECI850 From 2.0" configVersion="7.0" minVer="800" icd_File="s80/SE_Sepam_Z82M-F07_E2V04.icd"/>
      </Device_Model>
      <Device_Model name="Z82T">
        <Device_Version name="From 8.0 included, ACE850 From 2.0, ECI850 From 2.0" configVersion="7.0" minVer="800" icd_File="s80/SE_Sepam_Z82T-F07_E2V04.icd"/>
      </Device_Model>
      <Device_Model name="Z82S">
        <Device_Version name="From 8.0 included, ACE850 From 2.0, ECI850 From 2.0" configVersion="7.0" minVer="800" icd_File="s80/SE_Sepam_Z82S-F07_E2V04.icd"/>
      </Device_Model>
      <Device_Model name="Z82U">
        <Device_Version name="From 8.0 included, ACE850 From 2.0, ECI850 From 2.0" configVersion="7.0" minVer="800" icd_File="s80/SE_Sepam_Z82U-F07_E2V04.icd"/>
      </Device_Model>
      <Device_Model name="Z81C">
        <Device_Version name="From 8.0 included, ACE850 From 2.0, ECI850 From 2.0" configVersion="7.0" minVer="800" icd_File="s80/SE_Sepam_Z81C-F07_E2V04.icd"/>
      </Device_Model>
      <Device_Model name="Z81B">
        <Device_Version name="From 8.0 included, ACE850 From 2.0, ECI850 From 2.0" configVersion="7.0" minVer="800" icd_File="s80/SE_Sepam_Z81B-F07_E2V04.icd"/>
      </Device_Model>
      <Device_Model name="Z81G">
        <Device_Version name="From 8.0 included, ACE850 From 2.0, ECI850 From 2.0" configVersion="7.0" minVer="800" icd_File="s80/SE_Sepam_Z81G-F07_E2V04.icd"/>
      </Device_Model>
      <Device_Model name="Z81M">
        <Device_Version name="From 8.0 included, ACE850 From 2.0, ECI850 From 2.0" configVersion="7.0" minVer="800" icd_File="s80/SE_Sepam_Z81M-F07_E2V04.icd"/>
      </Device_Model>
      <Device_Model name="Z81T">
        <Device_Version name="From 8.0 included, ACE850 From 2.0, ECI850 From 2.0" configVersion="7.0" minVer="800" icd_File="s80/SE_Sepam_Z81T-F07_E2V04.icd"/>
      </Device_Model>
      <Device_Model name="Z81S">
        <Device_Version name="From 8.0 included, ACE850 From 2.0, ECI850 From 2.0" configVersion="7.0" minVer="800" icd_File="s80/SE_Sepam_Z81S-F07_E2V04.icd"/>
      </Device_Model>
      <Device_Model name="Z81U">
        <Device_Version name="From 8.0 included, ACE850 From 2.0, ECI850 From 2.0" configVersion="7.0" minVer="800" icd_File="s80/SE_Sepam_Z81U-F07_E2V04.icd"/>
      </Device_Model>
      <Device_Model name="C86">
        <Device_Version name="From 8.0 included, ACE850 From 2.0, ECI850 From 2.0" configVersion="7.0" minVer="800" icd_File="s80/SE_Sepam_C86-F07_E2V04.icd"/>
      </Device_Model>
      <Device_Model name="B83">
        <Device_Version name="From 8.0 included, ACE850 From 2.0, ECI850 From 2.0" configVersion="7.0" minVer="800" icd_File="s80/SE_Sepam_B83-F07_E2V04.icd"/>
      </Device_Model>
      <Device_Model name="B80">
        <Device_Version name="From 8.0 included, ACE850 From 2.0, ECI850 From 2.0" configVersion="7.0" minVer="800" icd_File="s80/SE_Sepam_B80-F07_E2V04.icd"/>
      </Device_Model>
      <Device_Model name="G88">
        <Device_Version name="From 8.0 included, ACE850 From 2.0, ECI850 From 2.0" configVersion="7.0" minVer="800" icd_File="s80/SE_Sepam_G88-F07_E2V04.icd"/>
      </Device_Model>
      <Device_Model name="G87">
        <Device_Version name="From 8.0 included, ACE850 From 2.0, ECI850 From 2.0" configVersion="7.0" minVer="800" icd_File="s80/SE_Sepam_G87-F07_E2V04.icd"/>
      </Device_Model>
      <Device_Model name="G82">
        <Device_Version name="From 8.0 included, ACE850 From 2.0, ECI850 From 2.0" configVersion="7.0" minVer="800" icd_File="s80/SE_Sepam_G82-F07_E2V04.icd"/>
      </Device_Model>
      <Device_Model name="M88">
        <Device_Version name="From 8.0 included, ACE850 From 2.0, ECI850 From 2.0" configVersion="7.0" minVer="800" icd_File="s80/SE_Sepam_M88-F07_E2V04.icd"/>
      </Device_Model>
      <Device_Model name="M87">
        <Device_Version name="From 8.0 included, ACE850 From 2.0, ECI850 From 2.0" configVersion="7.0" minVer="800" icd_File="s80/SE_Sepam_M87-F07_E2V04.icd"/>
      </Device_Model>
      <Device_Model name="M81">
        <Device_Version name="From 8.0 included, ACE850 From 2.0, ECI850 From 2.0" configVersion="7.0" minVer="800" icd_File="s80/SE_Sepam_M81-F07_E2V04.icd"/>
      </Device_Model>
      <Device_Model name="T87">
        <Device_Version name="From 8.0 included, ACE850 From 2.0, ECI850 From 2.0" configVersion="7.0" minVer="800" icd_File="s80/SE_Sepam_T87-F07_E2V04.icd"/>
      </Device_Model>
      <Device_Model name="T82">
        <Device_Version name="From 8.0 included, ACE850 From 2.0, ECI850 From 2.0" configVersion="7.0" minVer="800" icd_File="s80/SE_Sepam_T82-F07_E2V04.icd"/>
      </Device_Model>
      <Device_Model name="T81">
        <Device_Version name="From 8.0 included, ACE850 From 2.0, ECI850 From 2.0" configVersion="7.0" minVer="800" icd_File="s80/SE_Sepam_T81-F07_E2V04.icd"/>
      </Device_Model>
      <Device_Model name="S84">
        <Device_Version name="From 8.0 included, ACE850 From 2.0, ECI850 From 2.0" configVersion="7.0" minVer="800" icd_File="s80/SE_Sepam_S84-F07_E2V04.icd"/>
      </Device_Model>
      <Device_Model name="S82">
        <Device_Version name="From 8.0 included, ACE850 From 2.0, ECI850 From 2.0" configVersion="7.0" minVer="800" icd_File="s80/SE_Sepam_S82-F07_E2V04.icd"/>
      </Device_Model>
      <Device_Model name="S81">
        <Device_Version name="From 8.0 included, ACE850 From 2.0, ECI850 From 2.0" configVersion="7.0" minVer="800" icd_File="s80/SE_Sepam_S81-F07_E2V04.icd"/>
      </Device_Model>
      <Device_Model name="S80">
        <Device_Version name="From 8.0 included, ACE850 From 2.0, ECI850 From 2.0" configVersion="7.0" minVer="800" icd_File="s80/SE_Sepam_S80-F07_E2V04.icd"/>
      </Device_Model>
    </Device_Family>
    <Device_Family type="Sepam" name="series 60">
      <Device_Model name="T62">
        <Device_Version name="From 8.0 included, ACE850 From 2.0, ECI850 From 2.0" configVersion="7.0" minVer="800" icd_File="s60/SE_Sepam_T62-F07_E2V05.icd"/>
      </Device_Model>
      <Device_Model name="T60">
        <Device_Version name="From 8.0 included, ACE850 From 2.0, ECI850 From 2.0" configVersion="7.0" minVer="800" icd_File="s60/SE_Sepam_T60-F07_E2V05.icd"/>
      </Device_Model>
      <Device_Model name="S62">
        <Device_Version name="From 8.0 included, ACE850 From 2.0, ECI850 From 2.0" configVersion="7.0" minVer="800" icd_File="s60/SE_Sepam_S62-F07_E2V05.icd"/>
      </Device_Model>
      <Device_Model name="S60">
        <Device_Version name="From 8.0 included, ACE850 From 2.0, ECI850 From 2.0" configVersion="7.0" minVer="800" icd_File="s60/SE_Sepam_S60-F07_E2V05.icd"/>
      </Device_Model>
      <Device_Model name="M61">
        <Device_Version name="From 8.0 included, ACE850 From 2.0, ECI850 From 2.0" configVersion="7.0" minVer="800" icd_File="s60/SE_Sepam_M61-F07_E2V05.icd"/>
      </Device_Model>
      <Device_Model name="G62">
        <Device_Version name="From 8.0 included, ACE850 From 2.0, ECI850 From 2.0" configVersion="7.0" minVer="800" icd_File="s60/SE_Sepam_G62-F07_E2V05.icd"/>
      </Device_Model>
      <Device_Model name="G60">
        <Device_Version name="From 8.0 included, ACE850 From 2.0, ECI850 From 2.0" configVersion="7.0" minVer="800" icd_File="s60/SE_Sepam_G60-F07_E2V05.icd"/>
      </Device_Model>
      <Device_Model name="C60">
        <Device_Version name="From 8.0 included, ACE850 From 2.0, ECI850 From 2.0" configVersion="7.0" minVer="800" icd_File="s60/SE_Sepam_C60-F07_E2V05.icd"/>
      </Device_Model>
    </Device_Family>
    <Device_Family type="Sepam" name="series 40">
      <Device_Model name="T52">
        <Device_Version name="From 6.0 included, ACE850 From 2.0, ECI850 From 2.0" configVersion="7.0" minVer="600" icd_File="s40/SE_Sepam_T52-F07_E2V04.icd"/>
      </Device_Model>
      <Device_Model name="T50">
        <Device_Version name="From 6.0 included, ACE850 From 2.0, ECI850 From 2.0" configVersion="7.0" minVer="600" icd_File="s40/SE_Sepam_T50-F07_E2V04.icd"/>
      </Device_Model>
      <Device_Model name="T42">
        <Device_Version name="From 6.0 included, ACE850 From 2.0, ECI850 From 2.0" configVersion="7.0" minVer="600" icd_File="s40/SE_Sepam_T42-F07_E2V04.icd"/>
      </Device_Model>
      <Device_Model name="T40">
        <Device_Version name="From 6.0 included, ACE850 From 2.0, ECI850 From 2.0" configVersion="7.0" minVer="600" icd_File="s40/SE_Sepam_T40-F07_E2V04.icd"/>
      </Device_Model>
      <Device_Model name="S54">
        <Device_Version name="From 6.0 included, ACE850 From 2.0, ECI850 From 2.0" configVersion="7.0" minVer="600" icd_File="s40/SE_Sepam_S54-F07_E2V04.icd"/>
      </Device_Model>
      <Device_Model name="S53">
        <Device_Version name="From 6.0 included, ACE850 From 2.0, ECI850 From 2.0" configVersion="7.0" minVer="600" icd_File="s40/SE_Sepam_S53-F07_E2V04.icd"/>
      </Device_Model>
      <Device_Model name="S52">
        <Device_Version name="From 6.0 included, ACE850 From 2.0, ECI850 From 2.0" configVersion="7.0" minVer="600" icd_File="s40/SE_Sepam_S52-F07_E2V04.icd"/>
      </Device_Model>
      <Device_Model name="S51">
        <Device_Version name="From 6.0 included, ACE850 From 2.0, ECI850 From 2.0" configVersion="7.0" minVer="600" icd_File="s40/SE_Sepam_S51-F07_E2V04.icd"/>
      </Device_Model>
      <Device_Model name="S50">
        <Device_Version name="From 6.0 included, ACE850 From 2.0, ECI850 From 2.0" configVersion="7.0" minVer="600" icd_File="s40/SE_Sepam_S50-F07_E2V04.icd"/>
      </Device_Model>
      <Device_Model name="S44">
        <Device_Version name="From 6.0 included, ACE850 From 2.0, ECI850 From 2.0" configVersion="7.0" minVer="600" icd_File="s40/SE_Sepam_S44-F07_E2V04.icd"/>
      </Device_Model>
      <Device_Model name="S43">
        <Device_Version name="From 6.0 included, ACE850 From 2.0, ECI850 From 2.0" configVersion="7.0" minVer="600" icd_File="s40/SE_Sepam_S43-F07_E2V04.icd"/>
      </Device_Model>
      <Device_Model name="S42">
        <Device_Version name="From 6.0 included, ACE850 From 2.0, ECI850 From 2.0" configVersion="7.0" minVer="600" icd_File="s40/SE_Sepam_S42-F07_E2V04.icd"/>
      </Device_Model>
      <Device_Model name="S41">
        <Device_Version name="From 6.0 included, ACE850 From 2.0, ECI850 From 2.0" configVersion="7.0" minVer="600" icd_File="s40/SE_Sepam_S41-F07_E2V04.icd"/>
      </Device_Model>
      <Device_Model name="S40">
        <Device_Version name="From 6.0 included, ACE850 From 2.0, ECI850 From 2.0" configVersion="7.0" minVer="600" icd_File="s40/SE_Sepam_S40-F07_E2V04.icd"/>
      </Device_Model>
      <Device_Model name="M41">
        <Device_Version name="From 6.0 included, ACE850 From 2.0, ECI850 From 2.0" configVersion="7.0" minVer="600" icd_File="s40/SE_Sepam_M41-F07_E2V04.icd"/>
      </Device_Model>
      <Device_Model name="M40">
        <Device_Version name="From 6.0 included, ACE850 From 2.0, ECI850 From 2.0" configVersion="7.0" minVer="600" icd_File="s40/SE_Sepam_M40-F07_E2V04.icd"/>
      </Device_Model>
      <Device_Model name="G40">
        <Device_Version name="From 6.0 included, ACE850 From 2.0, ECI850 From 2.0" configVersion="7.0" minVer="600" icd_File="s40/SE_Sepam_G40-F07_E2V04.icd"/>
      </Device_Model>
    </Device_Family>
  </Root_Index_File>
</Devices_Index_File>
