<?xml version="1.0"?>
<SCL xmlns:xsi="http://www.w3.org/2001/XMLSchema-instance"  xmlns="http://www.iec.ch/61850/2003/SCL" xsi:schemaLocation="http://www.iec.ch/61850/2003/SCL SCL.xsd" version="2007" revision="B">
  <Header id="SCL Example T1-1" toolID="SSI-Tool" nameStructure="IEDName" />
  <Substation name="S12" desc="Baden">
    <PowerTransformer name="T1" type="PTR">
      <LNode lnInst="1" lnClass="PDIF" ldInst="F1" iedName="D1Q1BP2" />
      <LNode lnInst="1" lnClass="YLTC" ldInst="S12D1T1" iedName="None" />
      <TransformerWinding name="W1" type="PTW">
        <Terminal connectivityNode="S12/D1/Q1/L1" substationName="S12" voltageLevelName="D1" bayName="Q1" cNodeName="L1" />
      </TransformerWinding>
      <TransformerWinding name="W2" type="PTW">
        <Terminal connectivityNode="S12/E1/Q2/L3" substationName="S12" voltageLevelName="E1" bayName="Q2" cNodeName="L3" />
      </TransformerWinding>
    </PowerTransformer>
    <VoltageLevel name="D1">
      <Voltage multiplier="k" unit="V">220</Voltage>
      <Bay name="Q1">
        <LNode iedName="None" ldInst="S12D1Q1" lnClass="PDIS" lnInst="1" />
        <ConductingEquipment name="I1" type="CTR">
          <Terminal connectivityNode="S12/D1/Q1/L1" substationName="S12" voltageLevelName="D1" bayName="Q1" cNodeName="L1" />
          <SubEquipment name="R" phase="A">
            <LNode iedName="D1Q1BP2" ldInst="F1" lnClass="TCTR" lnInst="1" />
          </SubEquipment>
          <SubEquipment name="S" phase="B">
            <LNode iedName="D1Q1BP2" ldInst="F1" lnClass="TCTR" lnInst="2" />
          </SubEquipment>
          <SubEquipment name="T" phase="C">
            <LNode iedName="D1Q1BP2" ldInst="F1" lnClass="TCTR" lnInst="3" />
          </SubEquipment>
          <SubEquipment name="I0" phase="N">
            <LNode iedName="D1Q1BP2" ldInst="F1" lnClass="TCTR" lnInst="4" />
          </SubEquipment>
        </ConductingEquipment>
        <ConnectivityNode name="L1" pathName="S12/D1/Q1/L1" />
      </Bay>
    </VoltageLevel>
    <VoltageLevel name="E1">
      <Voltage multiplier="k" unit="V">132</Voltage>
      <Bay name="Q1">
        <LNode iedName="E1Q1SB1" ldInst="C1" lnClass="MMXN" lnInst="1" />
        <LNode iedName="None" ldInst="S12E1Q1" lnClass="PDIS" lnInst="1" />
        <LNode iedName="None" ldInst="F1" lnClass="PDIF" lnInst="1" />
        <ConductingEquipment name="QA1" type="CBR">
          <LNode iedName="E1Q1SB1" ldInst="C1" lnClass="CSWI" lnInst="1" />
          <Terminal connectivityNode="S12/E1/Q1/L1" substationName="S12" voltageLevelName="E1" bayName="Q1" cNodeName="L1" />
          <Terminal connectivityNode="S12/E1/Q1/L2" substationName="S12" voltageLevelName="E1" bayName="Q1" cNodeName="L2" />
        </ConductingEquipment>
        <ConductingEquipment name="QB1" type="DIS">
          <LNode iedName="E1Q1SB1" ldInst="C1" lnClass="CSWI" lnInst="2" />
          <LNode iedName="D1Q1SB4" ldInst="C1" lnClass="CILO" lnInst="1" />
          <Terminal connectivityNode="S12/E1/Q4/B1" substationName="S12" voltageLevelName="E1" bayName="Q4" cNodeName="B1" />
          <Terminal connectivityNode="S12/E1/Q1/L1" substationName="S12" voltageLevelName="E1" bayName="Q1" cNodeName="L1" />
        </ConductingEquipment>
        <ConductingEquipment name="U1" type="VTR">
          <Terminal connectivityNode="S12/E1/Q1/L2" substationName="S12" voltageLevelName="E1" bayName="Q1" cNodeName="L2" />
          <SubEquipment name="A" phase="A">
            <LNode iedName="E1Q1SB1" ldInst="C1" lnClass="TVTR" lnInst="1" />
          </SubEquipment>
        </ConductingEquipment>
        <ConductingEquipment name="I1" type="CTR">
          <Terminal connectivityNode="S12/E1/Q1/L3" substationName="S12" voltageLevelName="E1" bayName="Q1" cNodeName="L3" />
          <Terminal connectivityNode="S12/E1/Q1/L2" substationName="S12" voltageLevelName="E1" bayName="Q1" cNodeName="L2" />
        </ConductingEquipment>
        <ConnectivityNode name="L1" pathName="S12/E1/Q1/L1" />
        <ConnectivityNode name="L2" pathName="S12/E1/Q1/L2" />
        <ConnectivityNode name="L3" pathName="S12/E1/Q1/L3" />
      </Bay>
      <Bay name="Q2" desc="Turgi">
        <ConductingEquipment name="QA1" type="CBR">
          <LNode iedName="D1Q1SB4" ldInst="C1" lnClass="CSWI" lnInst="1" />
          <Terminal connectivityNode="S12/E1/Q2/L0" substationName="S12" voltageLevelName="E1" bayName="Q2" cNodeName="L0" />
          <Terminal connectivityNode="S12/E1/Q2/L1" substationName="S12" voltageLevelName="E1" bayName="Q2" cNodeName="L1" />
        </ConductingEquipment>
        <ConductingEquipment name="QB1" type="DIS">
          <LNode iedName="D1Q1SB4" ldInst="C1" lnClass="CSWI" lnInst="2" />
          <LNode iedName="D1Q1SB4" ldInst="C1" lnClass="CILO" lnInst="2" />
          <Terminal connectivityNode="S12/E1/Q4/B1" substationName="S12" voltageLevelName="E1" bayName="Q4" cNodeName="B1" />
          <Terminal connectivityNode="S12/E1/Q2/L0" substationName="S12" voltageLevelName="E1" bayName="Q2" cNodeName="L0" />
        </ConductingEquipment>
        <ConductingEquipment name="I1" type="CTR">
          <Terminal connectivityNode="S12/E1/Q2/L1" substationName="S12" voltageLevelName="E1" bayName="Q2" cNodeName="L1" />
          <Terminal connectivityNode="S12/E1/Q2/L2" substationName="S12" voltageLevelName="E1" bayName="Q2" cNodeName="L2" />
        </ConductingEquipment>
        <ConductingEquipment name="U1" type="VTR">
          <Terminal connectivityNode="S12/E1/Q2/L1" substationName="S12" voltageLevelName="E1" bayName="Q2" cNodeName="L1" />
        </ConductingEquipment>
        <ConnectivityNode name="L0" pathName="S12/E1/Q2/L0" />
        <ConnectivityNode name="L1" pathName="S12/E1/Q2/L1" />
        <ConnectivityNode name="L2" pathName="S12/E1/Q2/L2" />
        <ConnectivityNode name="L3" pathName="S12/E1/Q2/L3" />
      </Bay>
      <Bay name="Q3" desc="London">
        <LNode iedName="None" ldInst="LD0" lnClass="MMXN" lnInst="1" />
        <LNode iedName="None" ldInst="LD0" lnClass="PDIS" lnInst="1" />
        <LNode iedName="None" ldInst="LD0" lnClass="PDIF" lnInst="1" />
        <ConductingEquipment name="QA1" type="CBR">
          <LNode iedName="None" ldInst="C1" lnClass="CSWI" lnInst="1" />
          <Terminal connectivityNode="S12/E1/Q3/L1" substationName="S12" voltageLevelName="E1" bayName="Q3" cNodeName="L1" />
          <Terminal connectivityNode="S12/E1/Q3/L2" substationName="S12" voltageLevelName="E1" bayName="Q3" cNodeName="L2" />
        </ConductingEquipment>
        <ConductingEquipment name="QB1" type="DIS">
          <Terminal connectivityNode="S12/E1/Q4/B1" substationName="S12" voltageLevelName="E1" bayName="Q4" cNodeName="B1" />
          <Terminal connectivityNode="S12/E1/Q3/L1" substationName="S12" voltageLevelName="E1" bayName="Q3" cNodeName="L1" />
        </ConductingEquipment>
        <ConductingEquipment name="U1" type="VTR">
          <Terminal connectivityNode="S12/E1/Q3/L2" substationName="S12" voltageLevelName="E1" bayName="Q3" cNodeName="L2" />
        </ConductingEquipment>
        <ConductingEquipment name="I1" type="CTR">
          <Terminal connectivityNode="S12/E1/Q3/L3" substationName="S12" voltageLevelName="E1" bayName="Q3" cNodeName="L3" />
          <Terminal connectivityNode="S12/E1/Q3/L2" substationName="S12" voltageLevelName="E1" bayName="Q3" cNodeName="L2" />
        </ConductingEquipment>
        <ConnectivityNode name="L1" pathName="S12/E1/Q3/L1" />
        <ConnectivityNode name="L2" pathName="S12/E1/Q3/L2" />
        <ConnectivityNode name="L3" pathName="S12/E1/Q3/L3" />
      </Bay>
      <Bay name="Q4">
        <ConnectivityNode name="B1" pathName="S12/E1/Q4/B1" />
      </Bay>
    </VoltageLevel>
  </Substation>
  <Communication>
    <SubNetwork name="W01" type="8-MMS">
      <Text>Station bus</Text>
      <BitRate unit="b/s">10</BitRate>
      <ConnectedAP iedName="D1Q1SB4" apName="S1">
        <Address>
          <P type="IP">10.0.0.11</P>
          <P type="IP-SUBNET">255.255.255.0</P>
          <P type="IP-GATEWAY">10.0.0.101</P>
          <P type="OSI-TSEL">00000001</P>
          <P type="OSI-PSEL">01</P>
          <P type="OSI-SSEL">01</P>
        </Address>
        <GSE ldInst="C1" cbName="SyckResult">
          <Address>
            <P type="MAC-Address">01-0C-CD-01-00-02</P>
            <P type="APPID">3001</P>
            <P type="VLAN-PRIORITY">4</P>
          </Address>
          <MinTime unit="s">4</MinTime>
          <MaxTime unit="s">1000</MaxTime>
        </GSE>
        <PhysConn type="Connection">
          <P type="Type">FOC</P>
          <P type="Plug">ST</P>
        </PhysConn>
      </ConnectedAP>
      <ConnectedAP iedName="E1Q1SB1" apName="S1">
        <Address>
          <P type="IP">10.0.0.1</P>
          <P type="IP-SUBNET">255.255.255.0</P>
          <P type="IP-GATEWAY">10.0.0.101</P>
          <P type="OSI-TSEL">00000001</P>
          <P type="OSI-PSEL">01</P>
          <P type="OSI-SSEL">01</P>
        </Address>
        <GSE ldInst="C1" cbName="ItlPositions">
          <Address>
            <P type="MAC-Address">01-0C-CD-01-00-01</P>
            <P type="APPID">3000</P>
            <P type="VLAN-PRIORITY">4</P>
          </Address>
        </GSE>
        <SMV ldInst="C1" cbName="Volt">
          <Address>
            <P type="MAC-Address">01-0C-CD-04-00-01</P>
            <P type="APPID">4000</P>
            <P type="VLAN-ID">123</P>
            <P type="VLAN-PRIORITY">4</P>
          </Address>
        </SMV>
      </ConnectedAP>
      <ConnectedAP iedName="E1Q1BP2" apName="S1">
        <Address>
          <P type="IP">10.0.0.2</P>
          <P type="IP-SUBNET">255.255.255.0</P>
          <P type="IP-GATEWAY">10.0.0.101</P>
          <P type="OSI-TSEL">00000001</P>
          <P type="OSI-PSEL">01</P>
          <P type="OSI-SSEL">01</P>
        </Address>
      </ConnectedAP>
      <ConnectedAP iedName="E1Q1BP3" apName="S1">
        <Address>
          <P type="IP">10.0.0.3</P>
          <P type="IP-SUBNET">255.255.255.0</P>
          <P type="IP-GATEWAY">10.0.0.101</P>
          <P type="OSI-TSEL">00000001</P>
          <P type="OSI-PSEL">01</P>
          <P type="OSI-SSEL">01</P>
        </Address>
      </ConnectedAP>
      <ConnectedAP iedName="A1KA1" apName="S1">
        <Address>
          <P type="IP">10.0.0.121</P>
          <P type="IP-SUBNET">255.255.255.0</P>
          <P type="IP-GATEWAY">10.0.0.101</P>
          <P type="OSI-TSEL">00000001</P>
          <P type="OSI-PSEL">01</P>
          <P type="OSI-SSEL">01</P>
        </Address>
      </ConnectedAP>
      <ConnectedAP iedName="E1Q2SB1" apName="S1" >
        <Address>
          <P type="IP">10.0.0.14</P>
          <P type="IP-SUBNET">255.255.255.0</P>
          <P type="IP-GATEWAY">10.0.0.101</P>
          <P type="OSI-TSEL">00000001</P>
          <P type="OSI-PSEL">01</P>
          <P type="OSI-SSEL">01</P>
        </Address>
      </ConnectedAP>
    </SubNetwork>
  </Communication>
  <IED name="E1Q1SB1">
    <Services>
			<ClientServices goose="true" sv="true"/>
      <DynAssociation />
      <GetDirectory />
      <GetDataObjectDefinition />
      <GetDataSetValue />
      <DataSetDirectory />
      <ConfDataSet max="4" maxAttributes="50" />
      <ReadWrite />
      <ConfReportControl max="12" />
      <GetCBValues />
      <ConfLogControl max="1" />
      <ReportSettings cbName="Conf" datSet="Conf" rptID="Dyn" optFields="Conf" bufTime="Dyn" intgPd="Dyn" />
      <GSESettings cbName="Conf" datSet="Conf" appID="Conf" />
      <GOOSE max="2" />
			<SMVSettings cbName="Conf" datSet="Conf" optFields="Fix" smpRate="Conf" svID="Conf">
				<SmpRate>80</SmpRate>
				<SmpRate>240</SmpRate>
			</SMVSettings>
      <FileHandling />
      <ConfLNs fixLnInst="true" />
    </Services>
    <AccessPoint name="S1">
      <Server>
        <Authentication none="true" />
        <LDevice inst="C1">
          <LN0 inst="" lnClass="LLN0" lnType="LN0">
            <DataSet name="Positions">
              <FCDA ldInst="C1" prefix="" lnClass="CSWI" lnInst="1" doName="Pos" fc="ST" />
              <FCDA ldInst="C1" prefix="" lnClass="CSWI" lnInst="2" doName="Pos" fc="ST" />
            </DataSet>
            <DataSet name="Measurands">
              <FCDA ldInst="C1" prefix="" lnClass="MMXN" lnInst="1" doName="Amp" fc="MX" />
              <FCDA ldInst="C1" prefix="" lnClass="MMXN" lnInst="1" doName="Vol" fc="MX" />
            </DataSet>
            <DataSet name="smv">
              <FCDA ldInst="C1" prefix="" lnClass="TVTR" lnInst="1" doName="Vol" daName="instMag" fc="MX" />
            </DataSet>
            <ReportControl name="PosReport" rptID="E1Q1Switches" datSet="Positions" confRev="1">
              <TrgOps dchg="true" qchg="true" />
              <OptFields />
              <RptEnabled max="5">
                <ClientLN iedName="A1KA1" ldInst="none" lnInst="1" lnClass="IHMI" />
              </RptEnabled>
            </ReportControl>
            <ReportControl name="MeaReport" rptID="E1Q1Measurands" datSet="Measurands" confRev="1" intgPd="2000">
              <TrgOps qchg="true" period="true" />
              <OptFields reasonCode="true" />
              <RptEnabled max="5">
                <ClientLN iedName="A1KA1" ldInst="none" lnInst="1" lnClass="IHMI" />
              </RptEnabled>
            </ReportControl>
            <LogControl name="Log" datSet="Positions" logName="C1">
              <TrgOps dchg="true" qchg="true" />
            </LogControl>
            <Log />
            <GSEControl name="ItlPositions" datSet="Positions" appID="Itl">
              <IEDName>E1Q2SB1</IEDName>
            </GSEControl>
            <SampledValueControl name="Volt" datSet="smv" smvID="11" smpRate="4800" nofASDU="5">
              <IEDName>D1Q1SB4</IEDName>
              <SmvOpts refreshTime="true" sampleSynchronized="true" sampleRate="true" />
            </SampledValueControl>
          </LN0>
          <LN inst="1" lnClass="LPHD" lnType="LPHDa">
            <DOI name="Proxy">
              <DAI name="stVal" valKind="Set">
                <Val>false</Val>
              </DAI>
            </DOI>
          </LN>
          <LN inst="1" lnClass="CSWI" lnType="CSWIa" />
          <LN inst="2" lnClass="CSWI" lnType="CSWIa" />
          <LN inst="1" lnClass="MMXN" lnType="MMXNa">
            <DOI name="Vol">
              <SDI name="sVC">
                <DAI name="scaleFactor" valKind="Set">
                  <Val>200</Val>
                </DAI>
                <DAI name="offset" valKind="Set">
                  <Val>10</Val>
                </DAI>
              </SDI>
            </DOI>
          </LN>
          <LN inst="1" lnClass="TVTR" lnType="TVTRa" />
        </LDevice>
      </Server>
    </AccessPoint>
  </IED>
  <IED name="E1Q1BP2">
    <AccessPoint name="S1" />
  </IED>
  <IED name="E1Q1BP3">
    <AccessPoint name="S1" />
  </IED>
  <IED name="E1Q2SB1">
    <AccessPoint name="S1" />
  </IED>
  <IED name="E1Q3SB1">
    <AccessPoint name="S1" />
  </IED>
  <IED name="E1Q3KA1">
    <AccessPoint name="S1" />
  </IED>
  <IED name="E1Q3KA2">
    <AccessPoint name="S1" />
  </IED>
  <IED name="E1Q3KA3">
    <AccessPoint name="S1" />
  </IED>
  <IED name="D1Q1SB1">
    <AccessPoint name="S1" />
  </IED>
  <IED name="D1Q1BP2">
    <Services>
      <DynAssociation />
      <GetDirectory />
      <GetDataObjectDefinition />
      <GetDataSetValue />
      <DataSetDirectory />
      <ConfDataSet max="4" />
      <ReadWrite />
      <ConfReportControl max="12" />
      <GetCBValues />
      <ReportSettings cbName="Conf" datSet="Conf" rptID="Dyn" optFields="Dyn" bufTime="Dyn" intgPd="Dyn" />
      <GSESettings cbName="Conf" datSet="Conf" appID="Conf" />
      <GOOSE max="2" />
      <FileHandling />
    </Services>
    <AccessPoint name="S1">
      <Server>
        <Authentication none="true" />
        <LDevice inst="F1">
          <LN0 inst="" lnClass="LLN0" lnType="LN0" />
          <LN inst="1" lnClass="LPHD" lnType="LPHDa">
            <DOI name="Proxy">
              <DAI name="stVal" valKind="Set">
                <Val>false</Val>
              </DAI>
            </DOI>
          </LN>
          <LN inst="1" lnClass="TCTR" lnType="TCTRa" />
          <LN inst="2" lnClass="TCTR" lnType="TCTRa" />
          <LN inst="3" lnClass="TCTR" lnType="TCTRa" />
          <LN inst="4" lnClass="TCTR" lnType="TCTRa" />
          <LN lnType="PDIFa" inst="1" lnClass="PDIF" >
			  <DOI name="TmASt" desc="Example of array value definition - function wise meaningless">
					 <SDI name="curvPts" ix="1">
						 <DAI name="xVal"><Val>12.5</Val></DAI>
						 <DAI name="yVal"><Val>22.1</Val></DAI>
					 </SDI>
					 <SDI name="curvPts" ix="2">
						 <DAI name="xVal"><Val>102.5</Val></DAI>
						 <DAI name="yVal"><Val>202.1</Val></DAI>
					 </SDI>
			  </DOI>
          </LN>
        </LDevice>
      </Server>
    </AccessPoint>
  </IED>
  <IED name="D1Q1BP3">
    <AccessPoint name="S1" />
  </IED>
  <IED name="D1Q1SB4">
    <Services>
      <DynAssociation />
      <GetDirectory />
      <GetDataObjectDefinition />
      <GetDataSetValue />
      <DataSetDirectory />
      <ConfDataSet max="4" />
      <ReadWrite />
      <ConfReportControl max="12" />
      <GetCBValues />
      <ConfLogControl max="1" />
      <ReportSettings cbName="Conf" datSet="Conf" rptID="Dyn" optFields="Conf" bufTime="Dyn" intgPd="Dyn" />
      <GSESettings cbName="Conf" datSet="Conf" appID="Conf" />
      <GOOSE max="2" />
      <FileHandling />
    </Services>
    <AccessPoint name="S1">
      <Server>
        <Authentication none="true" />
        <LDevice inst="C1">
          <LN0 inst="" lnClass="LLN0" lnType="LN0">
            <DataSet name="SyckResult">
              <FCDA ldInst="C1" prefix="" lnClass="RSYN" lnInst="1" doName="Rel" fc="ST" />
            </DataSet>
            <GSEControl name="SyckResult" datSet="SyckResult" confRev="1" appID="SynChk">
              <IEDName>E1Q1SB1</IEDName>
            </GSEControl>
          </LN0>
          <LN inst="1" lnClass="LPHD" lnType="LPHDa">
            <DOI name="Proxy">
              <DAI name="stVal" valKind="Set">
                <Val>false</Val>
              </DAI>
            </DOI>
          </LN>
          <LN inst="1" lnClass="RSYN" lnType="RSYNa" />
          <LN inst="1" lnClass="CILO" lnType="CILOa" />
          <LN inst="2" lnClass="CILO" lnType="CILOa" />
          <LN inst="1" lnClass="CSWI" lnType="CSWIa" />
          <LN inst="2" lnClass="CSWI" lnType="CSWIa" />
        </LDevice>
      </Server>
    </AccessPoint>
  </IED>
  <IED name="A1KA1">
    <AccessPoint name="S1">
      <LN inst="1" lnClass="IHMI" lnType="IHMIa" />
    </AccessPoint>
  </IED>
  <DataTypeTemplates>
    <LNodeType id="LN0" lnClass="LLN0">
      <DO name="Mod" type="myMod" />
      <DO name="Beh" type="myBeh" />
      <DO name="Health" type="myHealth" />
      <DO name="NamPlt" type="myLN0LPL" />
    </LNodeType>
    <LNodeType id="LPHDa" lnClass="LPHD">
      <DO name="PhyNam" type="myDPL" />
      <DO name="PhyHealth" type="myINS" />
      <DO name="Proxy" type="mySPS" />
    </LNodeType>
    <LNodeType id="CSWIa" lnClass="CSWI">
      <DO name="Mod" type="myMod" />
      <DO name="Beh" type="myBeh" />
      <DO name="Health" type="myHealth" />
      <DO name="NamPlt" type="myLPL" />
      <DO name="Pos" type="myPos" />
    </LNodeType>
    <LNodeType id="MMXNa" lnClass="MMXN">
      <DO name="Mod" type="myMod" />
      <DO name="Beh" type="myHealth" />
      <DO name="Health" type="myBeh" />
      <DO name="NamPlt" type="myLPL" />
      <DO name="Amp" type="myMV" />
      <DO name="Vol" type="myMV" />
    </LNodeType>
    <LNodeType id="CILOa" lnClass="CILO">
      <DO name="Mod" type="myMod" />
      <DO name="Beh" type="myBeh" />
      <DO name="Health" type="myHealth" />
      <DO name="NamPlt" type="myLPL" />
      <DO name="EnaOpn" type="mySPS" />
      <DO name="EnaCls" type="mySPS" />
    </LNodeType>
    <LNodeType id="TVTRa" lnClass="TVTR">
      <DO name="Mod" type="myMod" />
      <DO name="Beh" type="myBeh" />
      <DO name="Health" type="myHealth" />
      <DO name="NamPlt" type="myLPL" />
      <DO name="Vol" type="mySAV" />
      <DO name="FuFail" type="mySPS" />
    </LNodeType>
    <LNodeType id="TCTRa" lnClass="TCTR">
      <DO name="Mod" type="myMod" />
      <DO name="Beh" type="myBeh" />
      <DO name="Health" type="myHealth" />
      <DO name="NamPlt" type="myLPL" />
      <DO name="Amp" type="mySAV" />
    </LNodeType>
    <LNodeType id="RSYNa" lnClass="RSYN">
      <DO name="Mod" type="myMod" />
      <DO name="Beh" type="myBeh" />
      <DO name="Health" type="myHealth" />
      <DO name="NamPlt" type="myLPL" />
      <DO name="Rel" type="mySPS" />
    </LNodeType>
    <LNodeType id="IHMIa" lnClass="IHMI">
      <DO name="Mod" type="myMod" />
      <DO name="Beh" type="myBeh" />
      <DO name="Health" type="myHealth" />
      <DO name="NamPlt" type="myLPL" />
    </LNodeType>
    <LNodeType id="PDIFa" lnClass="PDIF">
      <DO name="Mod" type="myMod" />
      <DO name="Beh" type="myBeh" />
      <DO name="Health" type="myHealth" />
      <DO name="NamPlt" type="myLPL" />
      <DO name="Str" type="myACD" />
      <DO name="Op" type="myACT" />
      <DO name="TmASt" type="myCSD" />
    </LNodeType>
    <DOType id="myMod" cdc="INC">
      <DA name="stVal" fc="ST" dchg="true" bType="Enum" type="Mod" />
      <DA name="q" fc="ST" qchg="true" bType="Quality" />
      <DA name="t" fc="ST" bType="Timestamp" />
      <DA name="ctlModel" fc="CF" bType="Enum" type="ctlModel" />
      <DA name="Oper" fc="CO" bType="Struct" type="myModOper" />
    </DOType>
    <DOType id="myHealth" cdc="INS">
      <DA name="stVal" fc="ST" dchg="true" bType="Enum" type="Health" />
      <DA name="q" fc="ST" qchg="true" bType="Quality" />
      <DA name="t" fc="ST"  bType="Timestamp" />
    </DOType>
    <DOType id="myBeh" cdc="INS">
      <DA name="stVal" fc="ST" dchg="true" bType="Enum" type="Beh" />
      <DA name="q" fc="ST" qchg="true" bType="Quality" />
      <DA name="t" fc="ST" bType="Timestamp" />
    </DOType>
    <DOType id="myINS" cdc="INS">
      <DA name="stVal" fc="ST" dchg="true" bType="INT32" />
      <DA name="q" fc="ST" qchg="true" bType="Quality" />
      <DA name="t" fc="ST" bType="Timestamp" />
    </DOType>
    <DOType id="myLN0LPL" cdc="LPL">
      <DA name="vendor" fc="DC" bType="VisString255">
        <Val>myVendorName</Val>
      </DA>
      <DA name="swRev" fc="DC" bType="VisString255">
        <Val>my SW revision ID</Val>
      </DA>
      <DA name="d" fc="DC" bType="VisString255" />
      <DA name="configRev" fc="DC" bType="VisString255">
        <Val>Rev 3.45</Val>
      </DA>
      <DA name="ldNs" fc="EX" bType="VisString255">
        <Val>IEC 61850-7-4:2003</Val>
      </DA>
    </DOType>
    <DOType id="myLPL" cdc="LPL">
      <DA name="vendor" fc="DC" bType="VisString255">
        <Val>myVendorName</Val>
      </DA>
      <DA name="swRev" fc="DC" bType="VisString255" />
      <DA name="d" fc="DC" bType="VisString255" />
    </DOType>
    <DOType id="myDPL" cdc="DPL">
      <DA name="vendor" fc="DC" bType="VisString255">
        <Val>myVendorName</Val>
      </DA>
      <DA name="hwRev" fc="DC" bType="VisString255">
        <Val>Rev 1.23</Val>
      </DA>
    </DOType>
    <DOType id="myPos" cdc="DPC">
      <DA name="stVal" fc="ST" dchg="true" bType="Dbpos" />
      <DA name="q" fc="ST" qchg="true" bType="Quality" />
      <DA name="t" fc="ST" bType="Timestamp" />
      <DA name="ctlModel" fc="CF" bType="Enum" type="ctlModel" />
      <DA name="Oper" fc="CO" bType="Struct" type="myOper" />
      <DA name="SBOw" fc="CO" bType="Struct" type="myOper" />
      <DA name="Cancel" fc="CO" bType="Struct" type="myCancel" />
    </DOType>
    <DOType id="mySPS" cdc="SPS">
      <DA name="stVal" fc="ST" dchg="true" bType="BOOLEAN" />
      <DA name="q" fc="ST" qchg="true" bType="Quality" />
      <DA name="t" fc="ST" bType="Timestamp" />
    </DOType>
    <DOType id="myMV" cdc="MV">
      <DA name="mag" fc="MX" dchg="true" bType="Struct" type="myAnalogValue" />
      <DA name="q" fc="MX" qchg="true" bType="Quality" />
      <DA name="t" fc="MX" bType="Timestamp" />
      <DA name="sVC" fc="CF" dchg="true" bType="Struct" type="ScaledValueConfig" />
    </DOType>
    <DOType id="myCMV" cdc="CMV">
      <DA name="cVal" fc="MX" dchg="true" bType="Struct" type="myVector" />
      <DA name="q" fc="MX" qchg="true" bType="Quality" />
      <DA name="t" fc="MX" bType="Timestamp" />
    </DOType>
    <DOType id="mySEQ" cdc="SEQ">
      <SDO name="c1" type="myCMV" />
      <SDO name="c2" type="myCMV" />
      <SDO name="c3" type="myCMV" />
      <DA name="seqT" fc="MX" bType="Enum" type="seqT" />
    </DOType>
    <DOType id="myACD" cdc="ACD">
      <DA name="general" fc="ST" dchg="true" bType="BOOLEAN" />
      <DA name="dirGeneral" fc="ST" dchg="true" bType="Enum" type="ACDdir" />
      <DA name="q" fc="ST" qchg="true" bType="Quality" />
      <DA name="t" fc="ST" bType="Timestamp" />
    </DOType>
   <DOType id="myACT" cdc="ACT">
      <DA name="general" fc="ST" dchg="true" bType="BOOLEAN" />
      <DA name="q" fc="ST" qchg="true" bType="Quality" />
      <DA name="t" fc="ST" bType="Timestamp" />
    </DOType>
   <DOType id="myCSD" cdc="CSD">
      <DA name="xUnit" fc="DC"  bType="Enum" type="SIUnit" />
      <DA name="xD" fc="DC"  bType="VisString255" />
      <DA name="yUnit" fc="DC" bType="Enum" type="SIUnit" />
      <DA name="yD" fc="DC" bType="VisString255" />
      <DA name="numPts" fc="DC"  bType="INT16U" />
      <DA name="curvPts" fc="DC" count="numPts" bType="Struct" type="xyPoint"/>
      <DA name="d" fc="DC" bType="VisString255" />
    </DOType>
    <DOType id="mySAV" cdc="SAV">
      <DA name="instMag" fc="MX" bType="Struct" type="myAnalogValue" />
      <DA name="q" fc="MX" qchg="true" bType="Quality" />
    </DOType>
    <DAType id="myAnalogValue">
      <BDA name="f" bType="FLOAT32" />
    </DAType>
    <DAType id="ScaledValueConfig">
      <BDA name="scaleFactor" bType="FLOAT32" />
      <BDA name="offset" bType="FLOAT32" />
    </DAType>
    <DAType id="myVector">
      <BDA name="mag" bType="Struct" type="myAnalogValue" />
      <BDA name="ang" bType="Struct" type="myAnalogValue" />
    </DAType>
     <DAType id="xyPoint">
      <BDA name="xVal" bType="FLOAT32" />
      <BDA name="yVal" bType="FLOAT32"  />
    </DAType>
   <DAType id="originator">
      <BDA name="orCat" bType="Enum" type="orCategory" />
      <BDA name="orIdent" bType="Octet64" />
    </DAType>
    <DAType id="myModOper">
      <BDA name="ctlVal" bType="Enum" type="Mod" />
      <BDA name="origin" bType="Struct" type="originator" />
      <BDA name="ctlNum" bType="INT8U" />
      <BDA name="T" bType="Timestamp" />
      <BDA name="Test" bType="BOOLEAN" />
      <BDA name="Check" bType="Check" />
      <ProtNs type="8-MMS">IEC 61850-8-1:2003</ProtNs>
    </DAType>
    <DAType id="myOper">
      <BDA name="ctlVal" bType="BOOLEAN" />
      <BDA name="origin" bType="Struct" type="originator" />
      <BDA name="ctlNum" bType="INT8U" />
      <BDA name="T" bType="Timestamp" />
      <BDA name="Test" bType="BOOLEAN" />
      <BDA name="Check" bType="Check" />
       <ProtNs type="8-MMS">IEC 61850-8-1:2003</ProtNs>
   </DAType>
    <DAType id="myCancel">
      <BDA name="ctlVal" bType="BOOLEAN" />
      <BDA name="origin" bType="Struct" type="originator" />
      <BDA name="ctlNum" bType="INT8U" />
      <BDA name="T" bType="Timestamp" />
      <BDA name="Test" bType="BOOLEAN" />
      <ProtNs type="8-MMS">IEC 61850-8-1:2003</ProtNs>
    </DAType>
    <EnumType id="ACDdir">
      <EnumVal ord="0">unknown</EnumVal>
      <EnumVal ord="1">forward</EnumVal>
      <EnumVal ord="2">backward</EnumVal>
      <EnumVal ord="3">both</EnumVal>
    </EnumType>
    <EnumType id="seqT">
      <EnumVal ord="0">pos-neg-zero</EnumVal>
      <EnumVal ord="1">dir-quad-zero</EnumVal>
    </EnumType>
     <EnumType id="ctlModel">
      <EnumVal ord="0">status-only</EnumVal>
      <EnumVal ord="1">direct-with-normal-security</EnumVal>
      <EnumVal ord="2">sbo-with-normal-security</EnumVal>
      <EnumVal ord="3">direct-with-enhanced-security</EnumVal>
      <EnumVal ord="4">sbo-with-enhanced-security</EnumVal>
    </EnumType>
    <EnumType id="sboClass">
      <EnumVal ord="0">operate-once</EnumVal>
      <EnumVal ord="1">operate-many</EnumVal>
    </EnumType>
    <EnumType id="orCategory">
      <EnumVal ord="0">not-supported</EnumVal>
      <EnumVal ord="1">bay-control</EnumVal>
      <EnumVal ord="2">station-control</EnumVal>
      <EnumVal ord="3">remote-control</EnumVal>
      <EnumVal ord="4">automatic-bay</EnumVal>
      <EnumVal ord="5">automatic-station</EnumVal>
      <EnumVal ord="6">automatic-remote</EnumVal>
      <EnumVal ord="7">maintenance</EnumVal>
      <EnumVal ord="8">process</EnumVal>
    </EnumType>
    <EnumType id="Beh">
      <EnumVal ord="1">on</EnumVal>
      <EnumVal ord="2">blocked</EnumVal>
      <EnumVal ord="3">test</EnumVal>
      <EnumVal ord="4">test/blocked</EnumVal>
      <EnumVal ord="5">off</EnumVal>
    </EnumType>
    <EnumType id="Mod">
      <EnumVal ord="1">on</EnumVal>
      <EnumVal ord="2">blocked</EnumVal>
      <EnumVal ord="3">test</EnumVal>
      <EnumVal ord="4">test/blocked</EnumVal>
      <EnumVal ord="5">off</EnumVal>
    </EnumType>
    <EnumType id="Health">
      <EnumVal ord="1">Ok</EnumVal>
      <EnumVal ord="2">Warning</EnumVal>
      <EnumVal ord="3">Alarm</EnumVal>
    </EnumType>
		<EnumType id="multiplier">
			<EnumVal ord="-24">y</EnumVal>
			<EnumVal ord="-21">z</EnumVal>
			<EnumVal ord="-18">a</EnumVal>
			<EnumVal ord="-15">f</EnumVal>
			<EnumVal ord="-12">p</EnumVal>
			<EnumVal ord="-9">n</EnumVal>
			<EnumVal ord="-6">µ</EnumVal>
			<EnumVal ord="-3">m</EnumVal>
			<EnumVal ord="-2">c</EnumVal>
			<EnumVal ord="-1">d</EnumVal>
			<EnumVal ord="0"/>
			<EnumVal ord="1">da</EnumVal>
			<EnumVal ord="2">h</EnumVal>
			<EnumVal ord="3">k</EnumVal>
			<EnumVal ord="6">M</EnumVal>
			<EnumVal ord="9">G</EnumVal>
			<EnumVal ord="12">T</EnumVal>
			<EnumVal ord="15">P</EnumVal>
			<EnumVal ord="18">E</EnumVal>
			<EnumVal ord="21">Z</EnumVal>
			<EnumVal ord="24">Y</EnumVal>
		</EnumType>
		<EnumType id="SIUnit">
			<EnumVal ord="1"/>
			<EnumVal ord="2">m</EnumVal>
			<EnumVal ord="3">kg</EnumVal>
			<EnumVal ord="4">s</EnumVal>
			<EnumVal ord="5">A</EnumVal>
			<EnumVal ord="6">K</EnumVal>
			<EnumVal ord="7">mol</EnumVal>
			<EnumVal ord="8">cd</EnumVal>
			<EnumVal ord="9">deg</EnumVal>
			<EnumVal ord="10">rad</EnumVal>
			<EnumVal ord="11">sr</EnumVal>
			<EnumVal ord="21">Gy</EnumVal>
			<EnumVal ord="22">q</EnumVal>
			<EnumVal ord="23">°C</EnumVal>
			<EnumVal ord="24">Sv</EnumVal>
			<EnumVal ord="25">F</EnumVal>
			<EnumVal ord="26">C</EnumVal>
			<EnumVal ord="27">S</EnumVal>
			<EnumVal ord="28">H</EnumVal>
			<EnumVal ord="29">V</EnumVal>
			<EnumVal ord="30">ohm</EnumVal>
			<EnumVal ord="31">J</EnumVal>
			<EnumVal ord="32">N</EnumVal>
			<EnumVal ord="33">Hz</EnumVal>
			<EnumVal ord="34">lx</EnumVal>
			<EnumVal ord="35">Lm</EnumVal>
			<EnumVal ord="36">Wb</EnumVal>
			<EnumVal ord="37">T</EnumVal>
			<EnumVal ord="38">W</EnumVal>
			<EnumVal ord="39">Pa</EnumVal>
			<EnumVal ord="41">m²</EnumVal>
			<EnumVal ord="42">m³</EnumVal>
			<EnumVal ord="43">m/s</EnumVal>
			<EnumVal ord="44">m/s²</EnumVal>
			<EnumVal ord="45">m³/s</EnumVal>
			<EnumVal ord="46">m/m³</EnumVal>
			<EnumVal ord="47">M</EnumVal>
			<EnumVal ord="48">kg/m³</EnumVal>
			<EnumVal ord="49">m²/s</EnumVal>
			<EnumVal ord="50">W/m K</EnumVal>
			<EnumVal ord="51">J/K</EnumVal>
			<EnumVal ord="52">ppm</EnumVal>
			<EnumVal ord="53">1/s</EnumVal>
			<EnumVal ord="54">rad/s</EnumVal>
			<EnumVal ord="61">VA</EnumVal>
			<EnumVal ord="62">Watts</EnumVal>
			<EnumVal ord="63">VAr</EnumVal>
			<EnumVal ord="64">phi</EnumVal>
			<EnumVal ord="65">cos(phi)</EnumVal>
			<EnumVal ord="66">Vs</EnumVal>
			<EnumVal ord="67">V²</EnumVal>
			<EnumVal ord="68">As</EnumVal>
			<EnumVal ord="69">A²</EnumVal>
			<EnumVal ord="70">A²t</EnumVal>
			<EnumVal ord="71">VAh</EnumVal>
			<EnumVal ord="72">Wh</EnumVal>
			<EnumVal ord="73">VArh</EnumVal>
			<EnumVal ord="74">V/Hz</EnumVal>
			<EnumVal ord="75">Hz/s</EnumVal>
			<EnumVal ord="76">char</EnumVal>
			<EnumVal ord="77">char/s</EnumVal>
			<EnumVal ord="78">kgm²</EnumVal>
			<EnumVal ord="79">dB</EnumVal>
		</EnumType>
  </DataTypeTemplates>
</SCL>