<?xml version="1.0" encoding="UTF-8"?>
<SCL_Schemas>
  <Header id="SCL Schema" company="Schneider Electric" productRange="IEC61850" productName="CET850" version="2" revision="0" date="2011-10-18"/>
  <Content>
    <XSD_File name="SCL.xsd" desc="Main SCL schema syntax definition"/>
    <XSD_File name="SCL_Substation.xsd" desc="Substation related syntax definitions"/>
    <XSD_File name="SCL_Communication.xsd" desc="Communication related syntax definitions"/>    
    <XSD_File name="SCL_IED.xsd" desc="IED related syntax definitions"/>
    <XSD_File name="SCL_DataTypeTemplates.xsd" desc="Data type template related syntax definitions"/>
    <XSD_File name="SCL_BaseSimpleTypes.xsd" desc="Basic simple definitions"/>
    <XSD_File name="SCL_BaseTypes.xsd" desc="Basic complex type definitions"/>
    <XSD_File name="SCL_Enums.xsd" desc="Basic simple definitions"/>
    <XSD_File name="SCL_Coordinates.xsd" desc="Definitions related to co-ordinates of devices"/>
    <XSD_File name="SCL_Namespaces.xsd" desc="Extension of SCL schema syntax definitions"/>
  </Content>
</SCL_Schemas>