<?xml version="1.0" encoding="UTF-8"?>
<Devices_Index_File>
  <Header id="ICD library" iec61850Edition="1" company="Schneider Electric" productRange="IEC61850" productName="CET850" version="2" revision="0" date="2013-06-03"/>
  <ModelIdentification>
    <ModelVersion>1</ModelVersion>
    <ModelRevision>0</ModelRevision>
    <ModelDate>2007-05-31</ModelDate>
  </ModelIdentification>
  <Root_Index_File device_Type="Modbus">
    <Device_Family type="Sepam" name="series 60">
      <Device_Model name="T62">
        <Device_Version name="From 8.0 included, ACE850 From 2.0 or ECI850 From 2.0" configVersion="7.0" minVer="800" icd_File="s60/SE_Sepam_T62-F07_E1V10.icd"/>
        <Device_Version name="From 7.0 included, ACE850 From 1.2 or ECI850 From 1.25" configVersion="6.0" minVer="702" icd_File="s60/SE_Sepam_T62-F06_E1V09.icd"/>
        <Device_Version name="From 7.0 included" configVersion="5.0" minVer="700" icd_File="s60/SE_Sepam_T62-F05_E1V08.icd"/>
      </Device_Model>
      <Device_Model name="T60">
        <Device_Version name="From 8.0 included, ACE850 From 2.0 or ECI850 From 2.0" configVersion="7.0" minVer="800" icd_File="s60/SE_Sepam_T60-F07_E1V10.icd"/>
        <Device_Version name="From 7.0 included, ACE850 From 1.2 or ECI850 From 1.25" configVersion="6.0" minVer="702" icd_File="s60/SE_Sepam_T60-F06_E1V09.icd"/>
        <Device_Version name="From 7.0 included" configVersion="5.0" minVer="700" icd_File="s60/SE_Sepam_T60-F05_E1V08.icd"/>
      </Device_Model>
      <Device_Model name="S62">
        <Device_Version name="From 8.0 included, ACE850 From 2.0 or ECI850 From 2.0" configVersion="7.0" minVer="800" icd_File="s60/SE_Sepam_S62-F07_E1V10.icd"/>
        <Device_Version name="From 7.0 included, ACE850 From 1.2 or ECI850 From 1.25" configVersion="6.0" minVer="702" icd_File="s60/SE_Sepam_S62-F06_E1V09.icd"/>
        <Device_Version name="From 7.0 included" configVersion="5.0" minVer="700" icd_File="s60/SE_Sepam_S62-F05_E1V08.icd"/>
      </Device_Model>
      <Device_Model name="S60">
        <Device_Version name="From 8.0 included, ACE850 From 2.0 or ECI850 From 2.0" configVersion="7.0" minVer="800" icd_File="s60/SE_Sepam_S60-F07_E1V10.icd"/>
        <Device_Version name="From 7.0 included, ACE850 From 1.2 or ECI850 From 1.25" configVersion="6.0" minVer="702" icd_File="s60/SE_Sepam_S60-F06_E1V09.icd"/>
        <Device_Version name="From 7.0 included" configVersion="5.0" minVer="700" icd_File="s60/SE_Sepam_S60-F05_E1V08.icd"/>
      </Device_Model>
      <Device_Model name="M61">
        <Device_Version name="From 8.0 included, ACE850 From 2.0 or ECI850 From 2.0" configVersion="7.0" minVer="800" icd_File="s60/SE_Sepam_M61-F07_E1V10.icd"/>
        <Device_Version name="From 7.0 included, ACE850 From 1.2 or ECI850 From 1.25" configVersion="6.0" minVer="702" icd_File="s60/SE_Sepam_M61-F06_E1V09.icd"/>
        <Device_Version name="From 7.0 included" configVersion="5.0" minVer="700" icd_File="s60/SE_Sepam_M61-F05_E1V08.icd"/>
      </Device_Model>
      <Device_Model name="G62">
        <Device_Version name="From 8.0 included, ACE850 From 2.0 or ECI850 From 2.0" configVersion="7.0" minVer="800" icd_File="s60/SE_Sepam_G62-F07_E1V10.icd"/>
        <Device_Version name="From 7.0 included, ACE850 From 1.2 or ECI850 From 1.25" configVersion="6.0" minVer="702" icd_File="s60/SE_Sepam_G62-F06_E1V09.icd"/>
        <Device_Version name="From 7.0 included" configVersion="5.0" minVer="700" icd_File="s60/SE_Sepam_G62-F05_E1V08.icd"/>
      </Device_Model>
      <Device_Model name="G60">
        <Device_Version name="From 8.0 included, ACE850 From 2.0 or ECI850 From 2.0" configVersion="7.0" minVer="800" icd_File="s60/SE_Sepam_G60-F07_E1V10.icd"/>
        <Device_Version name="From 7.0 included, ACE850 From 1.2 or ECI850 From 1.25" configVersion="6.0" minVer="702" icd_File="s60/SE_Sepam_G60-F06_E1V09.icd"/>
        <Device_Version name="From 7.0 included" configVersion="5.0" minVer="700" icd_File="s60/SE_Sepam_G60-F05_E1V08.icd"/>
      </Device_Model>
      <Device_Model name="C60">
        <Device_Version name="From 8.0 included, ACE850 From 2.0 or ECI850 From 2.0" configVersion="7.0" minVer="800" icd_File="s60/SE_Sepam_C60-F07_E1V10.icd"/>
        <Device_Version name="From 7.0 included, ACE850 From 1.2 or ECI850 From 1.25" configVersion="6.0" minVer="702" icd_File="s60/SE_Sepam_C60-F06_E1V09.icd"/>
        <Device_Version name="From 7.0 included" configVersion="5.0" minVer="700" icd_File="s60/SE_Sepam_C60-F05_E1V08.icd"/>
      </Device_Model>
    </Device_Family>
    <Device_Family type="Sepam" name="series 80">
      <Device_Model name="Z83C">
        <Device_Version name="From 8.0 included, ACE850 From 2.0 or ECI850 From 2.0" configVersion="7.0" minVer="800" icd_File="s80/SE_Sepam_Z83C-F07_E1V09.icd"/>
        <Device_Version name="From 6.0 included, ACE850 From 1.2 or ECI850 From 1.25" configVersion="6.0" minVer="601" icd_File="s80/SE_Sepam_Z83C-F06_E1V08.icd"/>
      </Device_Model>
      <Device_Model name="Z83B">
        <Device_Version name="From 8.0 included, ACE850 From 2.0 or ECI850 From 2.0" configVersion="7.0" minVer="800" icd_File="s80/SE_Sepam_Z83B-F07_E1V09.icd"/>
        <Device_Version name="From 6.0 included, ACE850 From 1.2 or ECI850 From 1.25" configVersion="6.0" minVer="601" icd_File="s80/SE_Sepam_Z83B-F06_E1V08.icd"/>
      </Device_Model>
      <Device_Model name="Z83G">
        <Device_Version name="From 8.0 included, ACE850 From 2.0 or ECI850 From 2.0" configVersion="7.0" minVer="800" icd_File="s80/SE_Sepam_Z83G-F07_E1V09.icd"/>
        <Device_Version name="From 6.0 included, ACE850 From 1.2 or ECI850 From 1.25" configVersion="6.0" minVer="601" icd_File="s80/SE_Sepam_Z83G-F06_E1V08.icd"/>
      </Device_Model>
      <Device_Model name="Z83M">
        <Device_Version name="From 8.0 included, ACE850 From 2.0 or ECI850 From 2.0" configVersion="7.0" minVer="800" icd_File="s80/SE_Sepam_Z83M-F07_E1V09.icd"/>
        <Device_Version name="From 6.0 included, ACE850 From 1.2 or ECI850 From 1.25" configVersion="6.0" minVer="601" icd_File="s80/SE_Sepam_Z83M-F06_E1V08.icd"/>
      </Device_Model>
      <Device_Model name="Z83T">
        <Device_Version name="From 8.0 included, ACE850 From 2.0 or ECI850 From 2.0" configVersion="7.0" minVer="800" icd_File="s80/SE_Sepam_Z83T-F07_E1V09.icd"/>
        <Device_Version name="From 6.0 included, ACE850 From 1.2 or ECI850 From 1.25" configVersion="6.0" minVer="601" icd_File="s80/SE_Sepam_Z83T-F06_E1V08.icd"/>
      </Device_Model>
      <Device_Model name="Z83S">
        <Device_Version name="From 8.0 included, ACE850 From 2.0 or ECI850 From 2.0" configVersion="7.0" minVer="800" icd_File="s80/SE_Sepam_Z83S-F07_E1V09.icd"/>
        <Device_Version name="From 6.0 included, ACE850 From 1.2 or ECI850 From 1.25" configVersion="6.0" minVer="601" icd_File="s80/SE_Sepam_Z83S-F06_E1V08.icd"/>
      </Device_Model>
      <Device_Model name="Z83U">
        <Device_Version name="From 8.0 included, ACE850 From 2.0 or ECI850 From 2.0" configVersion="7.0" minVer="800" icd_File="s80/SE_Sepam_Z83U-F07_E1V09.icd"/>
        <Device_Version name="From 6.0 included, ACE850 From 1.2 or ECI850 From 1.25" configVersion="6.0" minVer="601" icd_File="s80/SE_Sepam_Z83U-F06_E1V08.icd"/>
      </Device_Model>
      <Device_Model name="Z82C">
        <Device_Version name="From 8.0 included, ACE850 From 2.0 or ECI850 From 2.0" configVersion="7.0" minVer="800" icd_File="s80/SE_Sepam_Z82C-F07_E1V09.icd"/>
        <Device_Version name="From 6.0 included, ACE850 From 1.2 or ECI850 From 1.25" configVersion="6.0" minVer="601" icd_File="s80/SE_Sepam_Z82C-F06_E1V08.icd"/>
      </Device_Model>
      <Device_Model name="Z82B">
        <Device_Version name="From 8.0 included, ACE850 From 2.0 or ECI850 From 2.0" configVersion="7.0" minVer="800" icd_File="s80/SE_Sepam_Z82B-F07_E1V09.icd"/>
        <Device_Version name="From 6.0 included, ACE850 From 1.2 or ECI850 From 1.25" configVersion="6.0" minVer="601" icd_File="s80/SE_Sepam_Z82B-F06_E1V08.icd"/>
      </Device_Model>
      <Device_Model name="Z82G">
        <Device_Version name="From 8.0 included, ACE850 From 2.0 or ECI850 From 2.0" configVersion="7.0" minVer="800" icd_File="s80/SE_Sepam_Z82G-F07_E1V09.icd"/>
        <Device_Version name="From 6.0 included, ACE850 From 1.2 or ECI850 From 1.25" configVersion="6.0" minVer="601" icd_File="s80/SE_Sepam_Z82G-F06_E1V08.icd"/>
      </Device_Model>
      <Device_Model name="Z82M">
        <Device_Version name="From 8.0 included, ACE850 From 2.0 or ECI850 From 2.0" configVersion="7.0" minVer="800" icd_File="s80/SE_Sepam_Z82M-F07_E1V09.icd"/>
        <Device_Version name="From 6.0 included, ACE850 From 1.2 or ECI850 From 1.25" configVersion="6.0" minVer="601" icd_File="s80/SE_Sepam_Z82M-F06_E1V08.icd"/>
      </Device_Model>
      <Device_Model name="Z82T">
        <Device_Version name="From 8.0 included, ACE850 From 2.0 or ECI850 From 2.0" configVersion="7.0" minVer="800" icd_File="s80/SE_Sepam_Z82T-F07_E1V09.icd"/>
        <Device_Version name="From 6.0 included, ACE850 From 1.2 or ECI850 From 1.25" configVersion="6.0" minVer="601" icd_File="s80/SE_Sepam_Z82T-F06_E1V08.icd"/>
      </Device_Model>
      <Device_Model name="Z82S">
        <Device_Version name="From 8.0 included, ACE850 From 2.0 or ECI850 From 2.0" configVersion="7.0" minVer="800" icd_File="s80/SE_Sepam_Z82S-F07_E1V09.icd"/>
        <Device_Version name="From 6.0 included, ACE850 From 1.2 or ECI850 From 1.25" configVersion="6.0" minVer="601" icd_File="s80/SE_Sepam_Z82S-F06_E1V08.icd"/>
      </Device_Model>
      <Device_Model name="Z82U">
        <Device_Version name="From 8.0 included, ACE850 From 2.0 or ECI850 From 2.0" configVersion="7.0" minVer="800" icd_File="s80/SE_Sepam_Z82U-F07_E1V09.icd"/>
        <Device_Version name="From 6.0 included, ACE850 From 1.2 or ECI850 From 1.25" configVersion="6.0" minVer="601" icd_File="s80/SE_Sepam_Z82U-F06_E1V08.icd"/>
      </Device_Model>
      <Device_Model name="Z81C">
        <Device_Version name="From 8.0 included, ACE850 From 2.0 or ECI850 From 2.0" configVersion="7.0" minVer="800" icd_File="s80/SE_Sepam_Z81C-F07_E1V09.icd"/>
        <Device_Version name="From 6.0 included, ACE850 From 1.2 or ECI850 From 1.25" configVersion="6.0" minVer="601" icd_File="s80/SE_Sepam_Z81C-F06_E1V08.icd"/>
      </Device_Model>
      <Device_Model name="Z81B">
        <Device_Version name="From 8.0 included, ACE850 From 2.0 or ECI850 From 2.0" configVersion="7.0" minVer="800" icd_File="s80/SE_Sepam_Z81B-F07_E1V09.icd"/>
        <Device_Version name="From 6.0 included, ACE850 From 1.2 or ECI850 From 1.25" configVersion="6.0" minVer="601" icd_File="s80/SE_Sepam_Z81B-F06_E1V08.icd"/>
      </Device_Model>
      <Device_Model name="Z81G">
        <Device_Version name="From 8.0 included, ACE850 From 2.0 or ECI850 From 2.0" configVersion="7.0" minVer="800" icd_File="s80/SE_Sepam_Z81G-F07_E1V09.icd"/>
        <Device_Version name="From 6.0 included, ACE850 From 1.2 or ECI850 From 1.25" configVersion="6.0" minVer="601" icd_File="s80/SE_Sepam_Z81G-F06_E1V08.icd"/>
      </Device_Model>
      <Device_Model name="Z81M">
        <Device_Version name="From 8.0 included, ACE850 From 2.0 or ECI850 From 2.0" configVersion="7.0" minVer="800" icd_File="s80/SE_Sepam_Z81M-F07_E1V09.icd"/>
        <Device_Version name="From 6.0 included, ACE850 From 1.2 or ECI850 From 1.25" configVersion="6.0" minVer="601" icd_File="s80/SE_Sepam_Z81M-F06_E1V08.icd"/>
      </Device_Model>
      <Device_Model name="Z81T">
        <Device_Version name="From 8.0 included, ACE850 From 2.0 or ECI850 From 2.0" configVersion="7.0" minVer="800" icd_File="s80/SE_Sepam_Z81T-F07_E1V09.icd"/>
        <Device_Version name="From 6.0 included, ACE850 From 1.2 or ECI850 From 1.25" configVersion="6.0" minVer="601" icd_File="s80/SE_Sepam_Z81T-F06_E1V08.icd"/>
      </Device_Model>
      <Device_Model name="Z81S">
        <Device_Version name="From 8.0 included, ACE850 From 2.0 or ECI850 From 2.0" configVersion="7.0" minVer="800" icd_File="s80/SE_Sepam_Z81S-F07_E1V09.icd"/>
        <Device_Version name="From 6.0 included, ACE850 From 1.2 or ECI850 From 1.25" configVersion="6.0" minVer="601" icd_File="s80/SE_Sepam_Z81S-F06_E1V08.icd"/>
      </Device_Model>
      <Device_Model name="Z81U">
        <Device_Version name="From 8.0 included, ACE850 From 2.0 or ECI850 From 2.0" configVersion="7.0" minVer="800" icd_File="s80/SE_Sepam_Z81U-F07_E1V09.icd"/>
        <Device_Version name="From 6.0 included, ACE850 From 1.2 or ECI850 From 1.25" configVersion="6.0" minVer="601" icd_File="s80/SE_Sepam_Z81U-F06_E1V08.icd"/>
      </Device_Model>
      <Device_Model name="C86">
        <Device_Version name="From 8.0 included, ACE850 From 2.0 or ECI850 From 2.0" configVersion="7.0" minVer="800" icd_File="s80/SE_Sepam_C86-F07_E1V09.icd"/>
        <Device_Version name="From 6.0 included, ACE850 From 1.2 or ECI850 From 1.25" configVersion="6.0" minVer="601" icd_File="s80/SE_Sepam_C86-F06_E1V08.icd"/>
        <Device_Version name="From 6.0 included" configVersion="3.0" minVer="600" icd_File="s80/SE_Sepam_C86-F03_E1V08.icd"/>
        <Device_Version name="From 5.0 included to 6.0" configVersion="2.0" minVer="500" icd_File="s80/SE_Sepam_C86-F02_E1V08.icd"/>
        <Device_Version name="Before 5.0" configVersion="1.0" minVer="0" icd_File="s80/SE_Sepam_C86-F01_E1V08.icd"/>
      </Device_Model>
      <Device_Model name="B83">
        <Device_Version name="From 8.0 included, ACE850 From 2.0 or ECI850 From 2.0" configVersion="7.0" minVer="800" icd_File="s80/SE_Sepam_B83-F07_E1V09.icd"/>
        <Device_Version name="From 6.0 included, ACE850 From 1.2 or ECI850 From 1.25" configVersion="6.0" minVer="601" icd_File="s80/SE_Sepam_B83-F06_E1V08.icd"/>
        <Device_Version name="From 6.0 included" configVersion="3.0" minVer="600" icd_File="s80/SE_Sepam_B83-F03_E1V08.icd"/>
        <Device_Version name="From 5.0 included to 6.0" configVersion="2.0" minVer="500" icd_File="s80/SE_Sepam_B83-F02_E1V08.icd"/>
        <Device_Version name="Before 5.0" configVersion="1.0" minVer="0" icd_File="s80/SE_Sepam_B83-F01_E1V08.icd"/>
      </Device_Model>
      <Device_Model name="B80">
        <Device_Version name="From 8.0 included, ACE850 From 2.0 or ECI850 From 2.0" configVersion="7.0" minVer="800" icd_File="s80/SE_Sepam_B80-F07_E1V09.icd"/>
        <Device_Version name="From 6.0 included, ACE850 From 1.2 or ECI850 From 1.25" configVersion="6.0" minVer="601" icd_File="s80/SE_Sepam_B80-F06_E1V08.icd"/>
        <Device_Version name="From 6.0 included" configVersion="3.0" minVer="600" icd_File="s80/SE_Sepam_B80-F03_E1V08.icd"/>
        <Device_Version name="From 5.0 included to 6.0" configVersion="2.0" minVer="500" icd_File="s80/SE_Sepam_B80-F02_E1V08.icd"/>
        <Device_Version name="Before 5.0" configVersion="1.0" minVer="0" icd_File="s80/SE_Sepam_B80-F01_E1V08.icd"/>
      </Device_Model>
      <Device_Model name="G88">
        <Device_Version name="From 8.0 included, ACE850 From 2.0 or ECI850 From 2.0" configVersion="7.0" minVer="800" icd_File="s80/SE_Sepam_G88-F07_E1V09.icd"/>
        <Device_Version name="From 6.0 included, ACE850 From 1.2 or ECI850 From 1.25" configVersion="6.0" minVer="601" icd_File="s80/SE_Sepam_G88-F06_E1V08.icd"/>
        <Device_Version name="From 6.0 included" configVersion="3.0" minVer="600" icd_File="s80/SE_Sepam_G88-F03_E1V08.icd"/>
        <Device_Version name="From 5.0 included to 6.0" configVersion="2.0" minVer="500" icd_File="s80/SE_Sepam_G88-F02_E1V08.icd"/>
        <Device_Version name="Before 5.0" configVersion="1.0" minVer="0" icd_File="s80/SE_Sepam_G88-F01_E1V08.icd"/>
      </Device_Model>
      <Device_Model name="G87">
        <Device_Version name="From 8.0 included, ACE850 From 2.0 or ECI850 From 2.0" configVersion="7.0" minVer="800" icd_File="s80/SE_Sepam_G87-F07_E1V09.icd"/>
        <Device_Version name="From 6.0 included, ACE850 From 1.2 or ECI850 From 1.25" configVersion="6.0" minVer="601" icd_File="s80/SE_Sepam_G87-F06_E1V08.icd"/>
        <Device_Version name="From 6.0 included" configVersion="3.0" minVer="600" icd_File="s80/SE_Sepam_G87-F03_E1V08.icd"/>
        <Device_Version name="From 5.0 included to 6.0" configVersion="2.0" minVer="500" icd_File="s80/SE_Sepam_G87-F02_E1V08.icd"/>
        <Device_Version name="Before 5.0" configVersion="1.0" minVer="0" icd_File="s80/SE_Sepam_G87-F01_E1V08.icd"/>
      </Device_Model>
      <Device_Model name="G82">
        <Device_Version name="From 8.0 included, ACE850 From 2.0 or ECI850 From 2.0" configVersion="7.0" minVer="800" icd_File="s80/SE_Sepam_G82-F07_E1V09.icd"/>
        <Device_Version name="From 6.0 included, ACE850 From 1.2 or ECI850 From 1.25" configVersion="6.0" minVer="601" icd_File="s80/SE_Sepam_G82-F06_E1V08.icd"/>
        <Device_Version name="From 6.0 included" configVersion="3.0" minVer="600" icd_File="s80/SE_Sepam_G82-F03_E1V08.icd"/>
        <Device_Version name="From 5.0 included to 6.0" configVersion="2.0" minVer="500" icd_File="s80/SE_Sepam_G82-F02_E1V08.icd"/>
        <Device_Version name="Before 5.0" configVersion="1.0" minVer="0" icd_File="s80/SE_Sepam_G82-F01_E1V08.icd"/>
      </Device_Model>
      <Device_Model name="M88">
        <Device_Version name="From 8.0 included, ACE850 From 2.0 or ECI850 From 2.0" configVersion="7.0" minVer="800" icd_File="s80/SE_Sepam_M88-F07_E1V09.icd"/>
        <Device_Version name="From 6.0 included, ACE850 From 1.2 or ECI850 From 1.25" configVersion="6.0" minVer="601" icd_File="s80/SE_Sepam_M88-F06_E1V08.icd"/>
        <Device_Version name="From 6.0 included" configVersion="3.0" minVer="600" icd_File="s80/SE_Sepam_M88-F03_E1V08.icd"/>
        <Device_Version name="From 5.0 included to 6.0" configVersion="2.0" minVer="500" icd_File="s80/SE_Sepam_M88-F02_E1V08.icd"/>
        <Device_Version name="Before 5.0" configVersion="1.0" minVer="0" icd_File="s80/SE_Sepam_M88-F01_E1V08.icd"/>
      </Device_Model>
      <Device_Model name="M87">
        <Device_Version name="From 8.0 included, ACE850 From 2.0 or ECI850 From 2.0" configVersion="7.0" minVer="800" icd_File="s80/SE_Sepam_M87-F07_E1V09.icd"/>
        <Device_Version name="From 6.0 included, ACE850 From 1.2 or ECI850 From 1.25" configVersion="6.0" minVer="601" icd_File="s80/SE_Sepam_M87-F06_E1V08.icd"/>
        <Device_Version name="From 6.0 included" configVersion="3.0" minVer="600" icd_File="s80/SE_Sepam_M87-F03_E1V08.icd"/>
        <Device_Version name="From 5.0 included to 6.0" configVersion="2.0" minVer="500" icd_File="s80/SE_Sepam_M87-F02_E1V08.icd"/>
        <Device_Version name="Before 5.0" configVersion="1.0" minVer="0" icd_File="s80/SE_Sepam_M87-F01_E1V08.icd"/>
      </Device_Model>
      <Device_Model name="M81">
        <Device_Version name="From 8.0 included, ACE850 From 2.0 or ECI850 From 2.0" configVersion="7.0" minVer="800" icd_File="s80/SE_Sepam_M81-F07_E1V09.icd"/>
        <Device_Version name="From 6.0 included, ACE850 From 1.2 or ECI850 From 1.25" configVersion="6.0" minVer="601" icd_File="s80/SE_Sepam_M81-F06_E1V08.icd"/>
        <Device_Version name="From 6.0 included" configVersion="3.0" minVer="600" icd_File="s80/SE_Sepam_M81-F03_E1V08.icd"/>
        <Device_Version name="From 5.0 included to 6.0" configVersion="2.0" minVer="500" icd_File="s80/SE_Sepam_M81-F02_E1V08.icd"/>
        <Device_Version name="Before 5.0" configVersion="1.0" minVer="0" icd_File="s80/SE_Sepam_M81-F01_E1V08.icd"/>
      </Device_Model>
      <Device_Model name="T87">
        <Device_Version name="From 8.0 included, ACE850 From 2.0 or ECI850 From 2.0" configVersion="7.0" minVer="800" icd_File="s80/SE_Sepam_T87-F07_E1V09.icd"/>
        <Device_Version name="From 6.0 included, ACE850 From 1.2 or ECI850 From 1.25" configVersion="6.0" minVer="601" icd_File="s80/SE_Sepam_T87-F06_E1V08.icd"/>
        <Device_Version name="From 6.0 included" configVersion="3.0" minVer="600" icd_File="s80/SE_Sepam_T87-F03_E1V08.icd"/>
        <Device_Version name="From 5.0 included to 6.0" configVersion="2.0" minVer="500" icd_File="s80/SE_Sepam_T87-F02_E1V08.icd"/>
        <Device_Version name="Before 5.0" configVersion="1.0" minVer="0" icd_File="s80/SE_Sepam_T87-F01_E1V08.icd"/>
      </Device_Model>
      <Device_Model name="T82">
        <Device_Version name="From 8.0 included, ACE850 From 2.0 or ECI850 From 2.0" configVersion="7.0" minVer="800" icd_File="s80/SE_Sepam_T82-F07_E1V09.icd"/>
        <Device_Version name="From 6.0 included, ACE850 From 1.2 or ECI850 From 1.25" configVersion="6.0" minVer="601" icd_File="s80/SE_Sepam_T82-F06_E1V08.icd"/>
        <Device_Version name="From 6.0 included" configVersion="3.0" minVer="600" icd_File="s80/SE_Sepam_T82-F03_E1V08.icd"/>
        <Device_Version name="From 5.0 included to 6.0" configVersion="2.0" minVer="500" icd_File="s80/SE_Sepam_T82-F02_E1V08.icd"/>
        <Device_Version name="Before 5.0" configVersion="1.0" minVer="0" icd_File="s80/SE_Sepam_T82-F01_E1V08.icd"/>
      </Device_Model>
      <Device_Model name="T81">
        <Device_Version name="From 8.0 included, ACE850 From 2.0 or ECI850 From 2.0" configVersion="7.0" minVer="800" icd_File="s80/SE_Sepam_T81-F07_E1V09.icd"/>
        <Device_Version name="From 6.0 included, ACE850 From 1.2 or ECI850 From 1.25" configVersion="6.0" minVer="601" icd_File="s80/SE_Sepam_T81-F06_E1V08.icd"/>
        <Device_Version name="From 6.0 included" configVersion="3.0" minVer="600" icd_File="s80/SE_Sepam_T81-F03_E1V08.icd"/>
        <Device_Version name="From 5.0 included to 6.0" configVersion="2.0" minVer="500" icd_File="s80/SE_Sepam_T81-F02_E1V08.icd"/>
        <Device_Version name="Before 5.0" configVersion="1.0" minVer="0" icd_File="s80/SE_Sepam_T81-F01_E1V08.icd"/>
      </Device_Model>
      <Device_Model name="S84">
        <Device_Version name="From 8.0 included, ACE850 From 2.0 or ECI850 From 2.0" configVersion="7.0" minVer="800" icd_File="s80/SE_Sepam_S84-F07_E1V09.icd"/>
        <Device_Version name="From 6.0 included, ACE850 From 1.2 or ECI850 From 1.25" configVersion="6.0" minVer="601" icd_File="s80/SE_Sepam_S84-F06_E1V08.icd"/>
        <Device_Version name="From 6.0 included" configVersion="3.0" minVer="600" icd_File="s80/SE_Sepam_S84-F03_E1V08.icd"/>
        <Device_Version name="From 5.0 included to 6.0" configVersion="2.0" minVer="500" icd_File="s80/SE_Sepam_S84-F02_E1V08.icd"/>
        <Device_Version name="Before 5.0" configVersion="1.0" minVer="0" icd_File="s80/SE_Sepam_S84-F01_E1V08.icd"/>
      </Device_Model>
      <Device_Model name="S82">
        <Device_Version name="From 8.0 included, ACE850 From 2.0 or ECI850 From 2.0" configVersion="7.0" minVer="800" icd_File="s80/SE_Sepam_S82-F07_E1V09.icd"/>
        <Device_Version name="From 6.0 included, ACE850 From 1.2 or ECI850 From 1.25" configVersion="6.0" minVer="601" icd_File="s80/SE_Sepam_S82-F06_E1V08.icd"/>
        <Device_Version name="From 6.0 included" configVersion="3.0" minVer="600" icd_File="s80/SE_Sepam_S82-F03_E1V08.icd"/>
        <Device_Version name="From 5.0 included to 6.0" configVersion="2.0" minVer="500" icd_File="s80/SE_Sepam_S82-F02_E1V08.icd"/>
        <Device_Version name="Before 5.0" configVersion="1.0" minVer="0" icd_File="s80/SE_Sepam_S82-F01_E1V08.icd"/>
      </Device_Model>
      <Device_Model name="S81">
        <Device_Version name="From 8.0 included, ACE850 From 2.0 or ECI850 From 2.0" configVersion="7.0" minVer="800" icd_File="s80/SE_Sepam_S81-F07_E1V09.icd"/>
        <Device_Version name="From 6.0 included, ACE850 From 1.2 or ECI850 From 1.25" configVersion="6.0" minVer="601" icd_File="s80/SE_Sepam_S81-F06_E1V08.icd"/>
        <Device_Version name="From 6.0 included" configVersion="3.0" minVer="600" icd_File="s80/SE_Sepam_S81-F03_E1V08.icd"/>
        <Device_Version name="From 5.0 included to 6.0" configVersion="2.0" minVer="500" icd_File="s80/SE_Sepam_S81-F02_E1V08.icd"/>
        <Device_Version name="Before 5.0" configVersion="1.0" minVer="0" icd_File="s80/SE_Sepam_S81-F01_E1V08.icd"/>
      </Device_Model>
      <Device_Model name="S80">
        <Device_Version name="From 8.0 included, ACE850 From 2.0 or ECI850 From 2.0" configVersion="7.0" minVer="800" icd_File="s80/SE_Sepam_S80-F07_E1V09.icd"/>
        <Device_Version name="From 6.0 included, ACE850 From 1.2 or ECI850 From 1.25" configVersion="6.0" minVer="601" icd_File="s80/SE_Sepam_S80-F06_E1V08.icd"/>
        <Device_Version name="From 6.0 included" configVersion="3.0" minVer="600" icd_File="s80/SE_Sepam_S80-F03_E1V08.icd"/>
        <Device_Version name="From 5.0 included to 6.0" configVersion="2.0" minVer="500" icd_File="s80/SE_Sepam_S80-F02_E1V08.icd"/>
        <Device_Version name="Before 5.0" configVersion="1.0" minVer="0" icd_File="s80/SE_Sepam_S80-F01_E1V08.icd"/>
      </Device_Model>
    </Device_Family>
    <Device_Family type="Sepam" name="series 40">
      <Device_Model name="M40">
        <Device_Version name="From 8.0 included, ACE850 From 2.0 or ECI850 From 2.0" configVersion="6.0" minVer="802" icd_File="s40/SE_Sepam_M40-F07_E1V09.icd"/>
        <Device_Version name="From 8.0 included" configVersion="5.0" minVer="800" icd_File="s40/SE_Sepam_M40-F05_E1V08.icd"/>
      </Device_Model>
      <Device_Model name="S54">
        <Device_Version name="From 8.0 included, ACE850 From 2.0 or ECI850 From 2.0" configVersion="6.0" minVer="802" icd_File="s40/SE_Sepam_S54-F07_E1V09.icd"/>
        <Device_Version name="From 8.0 included" configVersion="5.0" minVer="800" icd_File="s40/SE_Sepam_S54-F05_E1V08.icd"/>
      </Device_Model>
      <Device_Model name="S44">
        <Device_Version name="From 8.0 included, ACE850 From 2.0 or ECI850 From 2.0" configVersion="6.0" minVer="802" icd_File="s40/SE_Sepam_S44-F07_E1V09.icd"/>
        <Device_Version name="From 8.0 included" configVersion="5.0" minVer="800" icd_File="s40/SE_Sepam_S44-F05_E1V08.icd"/>
      </Device_Model>
      <Device_Model name="T52">
        <Device_Version name="From 8.0 included, ACE850 From 2.0 or ECI850 From 2.0" configVersion="6.0" minVer="802" icd_File="s40/SE_Sepam_T52-F07_E1V09.icd"/>
        <Device_Version name="From 8.0 included" configVersion="5.0" minVer="800" icd_File="s40/SE_Sepam_T52-F05_E1V08.icd"/>
        <Device_Version name="From 7.0 included to 8.0" configVersion="3.0" minVer="700" icd_File="s40/SE_Sepam_T52-F03_E1V08.icd"/>
      </Device_Model>
      <Device_Model name="T50">
        <Device_Version name="From 8.0 included, ACE850 From 2.0 or ECI850 From 2.0" configVersion="6.0" minVer="802" icd_File="s40/SE_Sepam_T50-F07_E1V09.icd"/>
        <Device_Version name="From 8.0 included" configVersion="5.0" minVer="800" icd_File="s40/SE_Sepam_T50-F05_E1V08.icd"/>
        <Device_Version name="From 7.0 included to 8.0" configVersion="3.0" minVer="700" icd_File="s40/SE_Sepam_T50-F03_E1V08.icd"/>
      </Device_Model>
      <Device_Model name="S53">
        <Device_Version name="From 8.0 included, ACE850 From 2.0 or ECI850 From 2.0" configVersion="6.0" minVer="802" icd_File="s40/SE_Sepam_S53-F07_E1V09.icd"/>
        <Device_Version name="From 8.0 included" configVersion="5.0" minVer="800" icd_File="s40/SE_Sepam_S53-F05_E1V08.icd"/>
        <Device_Version name="From 7.0 included to 8.0" configVersion="3.0" minVer="700" icd_File="s40/SE_Sepam_S53-F03_E1V08.icd"/>
      </Device_Model>
      <Device_Model name="S52">
        <Device_Version name="From 8.0 included, ACE850 From 2.0 or ECI850 From 2.0" configVersion="6.0" minVer="802" icd_File="s40/SE_Sepam_S52-F07_E1V09.icd"/>
        <Device_Version name="From 8.0 included" configVersion="5.0" minVer="800" icd_File="s40/SE_Sepam_S52-F05_E1V08.icd"/>
        <Device_Version name="From 7.0 included to 8.0" configVersion="3.0" minVer="700" icd_File="s40/SE_Sepam_S52-F03_E1V08.icd"/>
      </Device_Model>
      <Device_Model name="S51">
        <Device_Version name="From 8.0 included, ACE850 From 2.0 or ECI850 From 2.0" configVersion="6.0" minVer="802" icd_File="s40/SE_Sepam_S51-F07_E1V09.icd"/>
        <Device_Version name="From 8.0 included" configVersion="5.0" minVer="800" icd_File="s40/SE_Sepam_S51-F05_E1V08.icd"/>
        <Device_Version name="From 7.0 included to 8.0" configVersion="3.0" minVer="700" icd_File="s40/SE_Sepam_S51-F03_E1V08.icd"/>
      </Device_Model>
      <Device_Model name="S50">
        <Device_Version name="From 8.0 included, ACE850 From 2.0 or ECI850 From 2.0" configVersion="6.0" minVer="802" icd_File="s40/SE_Sepam_S50-F07_E1V09.icd"/>
        <Device_Version name="From 8.0 included" configVersion="5.0" minVer="800" icd_File="s40/SE_Sepam_S50-F05_E1V08.icd"/>
        <Device_Version name="From 7.0 included to 8.0" configVersion="3.0" minVer="700" icd_File="s40/SE_Sepam_S50-F03_E1V08.icd"/>
      </Device_Model>
      <Device_Model name="S43">
        <Device_Version name="From 8.0 included, ACE850 From 2.0 or ECI850 From 2.0" configVersion="6.0" minVer="802" icd_File="s40/SE_Sepam_S43-F07_E1V09.icd"/>
        <Device_Version name="From 8.0 included" configVersion="5.0" minVer="800" icd_File="s40/SE_Sepam_S43-F05_E1V08.icd"/>
        <Device_Version name="From 7.0 included to 8.0" configVersion="3.0" minVer="700" icd_File="s40/SE_Sepam_S43-F03_E1V08.icd"/>
        <Device_Version name="From 5.0 included to 7.0" configVersion="2.0" minVer="500" icd_File="s40/SE_Sepam_S43-F02_E1V08.icd"/>
      </Device_Model>
      <Device_Model name="G40">
        <Device_Version name="From 8.0 included, ACE850 From 2.0 or ECI850 From 2.0" configVersion="6.0" minVer="802" icd_File="s40/SE_Sepam_G40-F07_E1V09.icd"/>
        <Device_Version name="From 8.0 included" configVersion="5.0" minVer="800" icd_File="s40/SE_Sepam_G40-F05_E1V08.icd"/>
        <Device_Version name="From 7.0 included to 8.0" configVersion="3.0" minVer="700" icd_File="s40/SE_Sepam_G40-F03_E1V08.icd"/>
        <Device_Version name="From 5.0 included to 7.0" configVersion="2.0" minVer="500" icd_File="s40/SE_Sepam_G40-F02_E1V08.icd"/>
        <Device_Version name="Before 5.0" configVersion="1.0" minVer="0" icd_File="s40/SE_Sepam_G40-F01_E1V08.icd"/>
      </Device_Model>
      <Device_Model name="M41">
        <Device_Version name="From 8.0 included, ACE850 From 2.0 or ECI850 From 2.0" configVersion="6.0" minVer="802" icd_File="s40/SE_Sepam_M41-F07_E1V09.icd"/>
        <Device_Version name="From 8.0 included" configVersion="5.0" minVer="800" icd_File="s40/SE_Sepam_M41-F05_E1V08.icd"/>
        <Device_Version name="From 7.0 included to 8.0" configVersion="3.0" minVer="700" icd_File="s40/SE_Sepam_M41-F03_E1V08.icd"/>
        <Device_Version name="From 5.0 included to 7.0" configVersion="2.0" minVer="500" icd_File="s40/SE_Sepam_M41-F02_E1V08.icd"/>
        <Device_Version name="Before 5.0" configVersion="1.0" minVer="0" icd_File="s40/SE_Sepam_M41-F01_E1V08.icd"/>
      </Device_Model>
      <Device_Model name="T42">
        <Device_Version name="From 8.0 included, ACE850 From 2.0 or ECI850 From 2.0" configVersion="6.0" minVer="802" icd_File="s40/SE_Sepam_T42-F07_E1V09.icd"/>
        <Device_Version name="From 8.0 included" configVersion="5.0" minVer="800" icd_File="s40/SE_Sepam_T42-F05_E1V08.icd"/>
        <Device_Version name="From 7.0 included to 8.0" configVersion="3.0" minVer="700" icd_File="s40/SE_Sepam_T42-F03_E1V08.icd"/>
        <Device_Version name="From 5.0 included to 7.0" configVersion="2.0" minVer="500" icd_File="s40/SE_Sepam_T42-F02_E1V08.icd"/>
        <Device_Version name="Before 5.0" configVersion="1.0" minVer="0" icd_File="s40/SE_Sepam_T42-F01_E1V08.icd"/>
      </Device_Model>
      <Device_Model name="T40">
        <Device_Version name="From 8.0 included, ACE850 From 2.0 or ECI850 From 2.0" configVersion="6.0" minVer="802" icd_File="s40/SE_Sepam_T40-F07_E1V09.icd"/>
        <Device_Version name="From 8.0 included" configVersion="5.0" minVer="800" icd_File="s40/SE_Sepam_T40-F05_E1V08.icd"/>
        <Device_Version name="From 7.0 included to 8.0" configVersion="3.0" minVer="700" icd_File="s40/SE_Sepam_T40-F03_E1V08.icd"/>
        <Device_Version name="From 5.0 included to 7.0" configVersion="2.0" minVer="500" icd_File="s40/SE_Sepam_T40-F02_E1V08.icd"/>
        <Device_Version name="Before 5.0" configVersion="1.0" minVer="0" icd_File="s40/SE_Sepam_T40-F01_E1V08.icd"/>
      </Device_Model>
      <Device_Model name="S42">
        <Device_Version name="From 8.0 included, ACE850 From 2.0 or ECI850 From 2.0" configVersion="6.0" minVer="802" icd_File="s40/SE_Sepam_S42-F07_E1V09.icd"/>
        <Device_Version name="From 8.0 included" configVersion="5.0" minVer="800" icd_File="s40/SE_Sepam_S42-F05_E1V08.icd"/>
        <Device_Version name="From 7.0 included to 8.0" configVersion="3.0" minVer="700" icd_File="s40/SE_Sepam_S42-F03_E1V08.icd"/>
        <Device_Version name="From 5.0 included to 7.0" configVersion="2.0" minVer="500" icd_File="s40/SE_Sepam_S42-F02_E1V08.icd"/>
        <Device_Version name="Before 5.0" configVersion="1.0" minVer="0" icd_File="s40/SE_Sepam_S42-F01_E1V08.icd"/>
      </Device_Model>
      <Device_Model name="S41">
        <Device_Version name="From 8.0 included, ACE850 From 2.0 or ECI850 From 2.0" configVersion="6.0" minVer="802" icd_File="s40/SE_Sepam_S41-F07_E1V09.icd"/>
        <Device_Version name="From 8.0 included" configVersion="5.0" minVer="800" icd_File="s40/SE_Sepam_S41-F05_E1V08.icd"/>
        <Device_Version name="From 7.0 included to 8.0" configVersion="3.0" minVer="700" icd_File="s40/SE_Sepam_S41-F03_E1V08.icd"/>
        <Device_Version name="From 5.0 included to 7.0" configVersion="2.0" minVer="500" icd_File="s40/SE_Sepam_S41-F02_E1V08.icd"/>
        <Device_Version name="Before 5.0" configVersion="1.0" minVer="0" icd_File="s40/SE_Sepam_S41-F01_E1V08.icd"/>
      </Device_Model>
      <Device_Model name="S40">
        <Device_Version name="From 8.0 included, ACE850 From 2.0 or ECI850 From 2.0" configVersion="6.0" minVer="802" icd_File="s40/SE_Sepam_S40-F07_E1V09.icd"/>
        <Device_Version name="From 8.0 included" configVersion="5.0" minVer="800" icd_File="s40/SE_Sepam_S40-F05_E1V08.icd"/>
        <Device_Version name="From 7.0 included to 8.0" configVersion="3.0" minVer="700" icd_File="s40/SE_Sepam_S40-F03_E1V08.icd"/>
        <Device_Version name="From 5.0 included to 7.0" configVersion="2.0" minVer="500" icd_File="s40/SE_Sepam_S40-F02_E1V08.icd"/>
        <Device_Version name="Before 5.0" configVersion="1.0" minVer="0" icd_File="s40/SE_Sepam_S40-F01_E1V08.icd"/>
      </Device_Model>
    </Device_Family>
    <Device_Family type="Sepam" name="series 20">
      <Device_Model name="T24">
        <Device_Version name="From 0938 included, ECI850 From 1.25" configVersion="6.0" minVer="940" icd_File="s20/SE_Sepam_T24-F06_E1V09.icd"/>
        <Device_Version name="From 0938 included" configVersion="3.0" minVer="938" icd_File="s20/SE_Sepam_T24-F03_E1V08.icd"/>
      </Device_Model>
      <Device_Model name="S24">
        <Device_Version name="From 0938 included, ECI850 From 1.25" configVersion="6.0" minVer="940" icd_File="s20/SE_Sepam_S24-F06_E1V09.icd"/>
        <Device_Version name="From 0938 included" configVersion="3.0" minVer="938" icd_File="s20/SE_Sepam_S24-F03_E1V08.icd"/>
      </Device_Model>
      <Device_Model name="B22">
        <Device_Version name="From 0938 included, ECI850 From 1.25" configVersion="6.0" minVer="940" icd_File="s20/SE_Sepam_B22-F06_E1V09.icd"/>
        <Device_Version name="From 0938 included" configVersion="3.0" minVer="938" icd_File="s20/SE_Sepam_B22-F03_E1V08.icd"/>
        <Device_Version name="From 0709 included to 0938" configVersion="2.0" minVer="709" icd_File="s20/SE_Sepam_B22-F02_E1V08.icd"/>
        <Device_Version name="Before 0709" configVersion="1.0" minVer="0" icd_File="s20/SE_Sepam_B22-F01_E1V08.icd"/>
      </Device_Model>
      <Device_Model name="B21">
        <Device_Version name="From 0938 included, ECI850 From 1.25" configVersion="6.0" minVer="940" icd_File="s20/SE_Sepam_B21-F06_E1V09.icd"/>
        <Device_Version name="From 0938 included" configVersion="3.0" minVer="938" icd_File="s20/SE_Sepam_B21-F03_E1V08.icd"/>
        <Device_Version name="From 0709 included to 0938" configVersion="2.0" minVer="709" icd_File="s20/SE_Sepam_B21-F02_E1V08.icd"/>
        <Device_Version name="Before 0709" configVersion="1.0" minVer="0" icd_File="s20/SE_Sepam_B21-F01_E1V08.icd"/>
      </Device_Model>
      <Device_Model name="B20">
        <Device_Version name="Before 0709, ECI850 From 1.25" configVersion="4.0" minVer="708" icd_File="s20/SE_Sepam_B20-F04_E1V08.icd"/>
        <Device_Version name="Before 0709" configVersion="1.0" minVer="0" icd_File="s20/SE_Sepam_B20-F01_E1V08.icd"/>
      </Device_Model>
      <Device_Model name="M20">
        <Device_Version name="From 0938 included, ECI850 From 1.25" configVersion="6.0" minVer="940" icd_File="s20/SE_Sepam_M20-F06_E1V09.icd"/>
        <Device_Version name="From 0938 included" configVersion="3.0" minVer="938" icd_File="s20/SE_Sepam_M20-F03_E1V08.icd"/>
        <Device_Version name="From 0709 included to 0938" configVersion="2.0" minVer="709" icd_File="s20/SE_Sepam_M20-F02_E1V08.icd"/>
        <Device_Version name="Before 0709" configVersion="1.0" minVer="0" icd_File="s20/SE_Sepam_M20-F01_E1V08.icd"/>
      </Device_Model>
      <Device_Model name="T23">
        <Device_Version name="From 0938 included, ECI850 From 1.25" configVersion="6.0" minVer="940" icd_File="s20/SE_Sepam_T23-F06_E1V09.icd"/>
        <Device_Version name="From 0938 included" configVersion="3.0" minVer="938" icd_File="s20/SE_Sepam_T23-F03_E1V08.icd"/>
        <Device_Version name="From 0709 included to 0938" configVersion="2.0" minVer="709" icd_File="s20/SE_Sepam_T23-F02_E1V08.icd"/>
        <Device_Version name="Before 0709" configVersion="1.0" minVer="0" icd_File="s20/SE_Sepam_T23-F01_E1V08.icd"/>
      </Device_Model>
      <Device_Model name="T20">
        <Device_Version name="From 0938 included, ECI850 From 1.25" configVersion="6.0" minVer="940" icd_File="s20/SE_Sepam_T20-F06_E1V09.icd"/>
        <Device_Version name="From 0938 included" configVersion="3.0" minVer="938" icd_File="s20/SE_Sepam_T20-F03_E1V08.icd"/>
        <Device_Version name="From 0709 included to 0938" configVersion="2.0" minVer="709" icd_File="s20/SE_Sepam_T20-F02_E1V08.icd"/>
        <Device_Version name="Before 0709" configVersion="1.0" minVer="0" icd_File="s20/SE_Sepam_T20-F01_E1V08.icd"/>
      </Device_Model>
      <Device_Model name="S23">
        <Device_Version name="From 0938 included, ECI850 From 1.25" configVersion="6.0" minVer="940" icd_File="s20/SE_Sepam_S23-F06_E1V09.icd"/>
        <Device_Version name="From 0938 included" configVersion="3.0" minVer="938" icd_File="s20/SE_Sepam_S23-F03_E1V08.icd"/>
        <Device_Version name="From 0709 included to 0938" configVersion="2.0" minVer="709" icd_File="s20/SE_Sepam_S23-F02_E1V08.icd"/>
        <Device_Version name="Before 0709" configVersion="1.0" minVer="0" icd_File="s20/SE_Sepam_S23-F01_E1V08.icd"/>
      </Device_Model>
      <Device_Model name="S20">
        <Device_Version name="From 0938 included, ECI850 From 1.25" configVersion="6.0" minVer="940" icd_File="s20/SE_Sepam_S20-F06_E1V09.icd"/>
        <Device_Version name="From 0938 included" configVersion="3.0" minVer="938" icd_File="s20/SE_Sepam_S20-F03_E1V08.icd"/>
        <Device_Version name="From 0709 included to 0938" configVersion="2.0" minVer="709" icd_File="s20/SE_Sepam_S20-F02_E1V08.icd"/>
        <Device_Version name="Before 0709" configVersion="1.0" minVer="0" icd_File="s20/SE_Sepam_S20-F01_E1V08.icd"/>
      </Device_Model>
    </Device_Family>
    <Device_Family type="PowerMeter" name="PM">
      <Device_Model name="PM710">
        <Device_Version name="All Versions" configVersion="All" minVer="All" icd_File="PM/SE_PowerMeter_PM710-F01_E1V01.icd"/>
      </Device_Model>
      <Device_Model name="PM850">
        <Device_Version name="All Versions" configVersion="All" minVer="All" icd_File="PM/SE_PowerMeter_PM850-F01_E1V01.icd"/>
      </Device_Model>
    </Device_Family>
    <Device_Family type="PowerMeter" name="CM">
      <Device_Model name="CM4000">
        <Device_Version name="All Versions" configVersion="All" minVer="All" icd_File="CM/SE_PowerMeter_CM4000-F01_E1V01.icd"/>
      </Device_Model>
    </Device_Family>
    <Device_Family type="Micrologic" name="Micrologic">
      <Device_Model name="ELA_MicrologicU 7.0">
        <Device_Version name="All Versions" configVersion="7.0" minVer="0" icd_File="Micrologic/SE_Micrologic_ELA7.0-F01_E1V01.icd"/>
      </Device_Model>
      <Device_Model name="ELP_MicrologicP 6.0">
        <Device_Version name="All Versions" configVersion="6.0" minVer="0" icd_File="Micrologic/SE_Micrologic_ELP6.0-F02_E1V01.icd"/>
      </Device_Model>
      <Device_Model name="ELP_MicrologicP 7.0">
        <Device_Version name="All Versions" configVersion="7.0" minVer="0" icd_File="Micrologic/SE_Micrologic_ELP7.0-F01_E1V01.icd"/>
      </Device_Model>
       <Device_Model name="CCM_Micrologic">
        <Device_Version name="All Versions" configVersion="All" minVer="All" icd_File="Micrologic/SE_Micrologic_CCM-F01_E1V01.icd"/>
      </Device_Model>
      </Device_Family>
    <Device_Family type="Easergy" name="T200">
      <Device_Model name="T200">
        <Device_Version name="All Versions" configVersion="All" minVer="All" icd_File="Easergy/SE_Easergy_T200-F01_E1V01.icd"/>
      </Device_Model>
    </Device_Family>
    <Device_Family type="Sepam2000" name="Sepam2000">
      <Device_Model name="Sepam2000">
        <Device_Version name="All Versions" configVersion="All" minVer="All" icd_File="Sepam2000/SE_Sepam2000_S36-F01_E1V01.icd"/>
      </Device_Model>
    </Device_Family>
  </Root_Index_File>
</Devices_Index_File>
